path,part_no,name,description,price,manufacturer_link,img_link
/Siemens/Accessories/,6ES7972-0BA52-0XA0,"SIMATIC, PB CONNECTOR 90 DEGREE W/O PG SOCKET","SIMATIC DP, ConnectIOn plug for PROFIBUS up to 12 Mbit/s 90° cable outlet, InsulatIOn displacement method FastConnect, without PG socket 15.8x 59x 35.6 mm (BxHxD)",700,https://mall.industry.Siemens.com/mall/en/ww/Catalog/Product/6ES7972-0BA52-0XA0,https://mall.industry.Siemens.com/mall/collaterals/files/118/jpg/P_ST70_XX_05237i.jpg
/Siemens/Accessories/,6ES7972-0BB52-0XA0,"SIMATIC, PB CONNECTOR 90 DEGREE WITH PG SOCKET","SIMATIC DP, ConnectIOn plug for PROFIBUS up to 12 Mbit/s 90° cable outlet, InsulatIOn displacement method FastConnect, With PG receptacle 15.8x 59x 35.6 mm (BxHxD)",1155,https://mall.industry.Siemens.com/mall/en/ww/Catalog/Product/6ES7972-0BB52-0XA0,https://mall.industry.Siemens.com/mall/collaterals/files/118/jpg/P_ST70_XX_05241i.jpg
/Siemens/Accessories/,6ES7972-0BA30-0XA0,"SIMATIC, PB CONNECTOR TILTED CABLE OUTLET W/O Switch","SIMATIC DP, bus connectIOn plug f. PROFIBUS w. inclined cable outlet, max. 1.5 Mbaud, insulatIOn displacement method, 15x 57.6x 39.5 mm (WxHxD), without bus terminating resistor and programming device socket",0,https://mall.industry.Siemens.com/mall/en/ww/Catalog/Product/6ES7972-0BA30-0XA0,https://mall.industry.Siemens.com/mall/collaterals/files/118/jpg/P_ST70_XX_05235i.jpg
/Siemens/Accessories/,6XV1830-0EH10,"SIMATIC, Profibus PER METER","PROFIBUS FC Standard Cable GP, bus cable 2-wire, shielded, special configuratIOn for quick assembly, Delivery unit: max. 1000 m, minIMum order quantity 20 m sold by the meter",0,https://mall.industry.Siemens.com/mall/en/ww/Catalog/Product/6XV1830-0EH10,https://mall.industry.Siemens.com/mall/collaterals/files/118/jpg/P_IK10_XX_01273i.jpg
/Siemens/ET200S/IM/,6ES7151-1AA06-0AB0,"SIMATIC ET200S, IM151-1 Standard","SIMATIC DP, interface module IM 151-1 Standard for ET 200S, incl. terminatIOn module data volume of 244 bytes each for inputs and outputs, max. 63 I/O modules PROFIBUS DP V0 and V1 up to 2 m width can be connected, bus connectIOn via 9-pin D-sub",6070,https://mall.industry.Siemens.com/mall/en/ww/Catalog/Product/6ES7151-1AA06-0AB0,https://mall.industry.Siemens.com/mall/collaterals/files/118/jpg/G_ST70_XX_93360i.jpg
/Siemens/ET200S/IM/,6ES7151-3AA23-0AB0,"SIMATIC ET200S, IM151-3 PN","SIMATIC DP, interface module IM 151-3 PN ST for ET 200S transfer rate 100 Mbps max. 63 power, electronic or motor starter modules up to 2 m width can be connected, 2x bus connectIOns via RJ45 incl. terminatIOn module",6075,https://mall.industry.Siemens.com/mall/en/ww/Catalog/Product/6ES7151-3AA23-0AB0,https://mall.industry.Siemens.com/mall/collaterals/files/118/jpg/P_ST70_XX_03069i.jpg
/Siemens/ET200S/IM/,6ES7151-1CA00-3BL0,"SIMATIC ET200S, IM 151 COMPACT 16 DI/16 DO PROFIBUS DP","ET 200S Compact, 16 DI/16 DQ STD 24 V DC, 3 ms,, 24 V DC, 0.5 A expandable by up to 12 modules of the ET 200S (no F modules) electronics block",9515,https://mall.industry.Siemens.com/mall/en/ww/Catalog/Product/6ES7151-1CA00-3BL0,https://mall.industry.Siemens.com/mall/collaterals/files/118/jpg/P_ST70_XX_02877i.jpg
/Siemens/ET200S/IM/,6ES7151-1CA00-1BL0,"SIMATIC ET200S, IM 151 COMPACT 32DI PROFIBUS DP","ET 200S Compact, 32DI STD, 24 V DC, 3 ms, expandable by up to 12 modules of the ET 200S (no F modules) electronics block",8400,https://mall.industry.Siemens.com/mall/en/ww/Catalog/Product/6ES7151-1CA00-1BL0,https://mall.industry.Siemens.com/mall/collaterals/files/118/jpg/P_ST70_XX_02877i.jpg
/Siemens/ET200S/Input Output/AI/,6ES7134-4FB01-0AB0,"SIMATIC ET200S, 2AI U +/-10 V ST","SIMATIC DP, Electronics module for ET 200S, 2 AI Standard U 15 mm width, +/-10V, 13 bit+sign +/-5 V, 12 bit+sign, 1..5 V, 12-bit Cycle tIMe 65 ms/channel with SF LED (group fault)",3095,https://mall.industry.Siemens.com/mall/en/ww/Catalog/Product/6ES7134-4FB01-0AB0,https://mall.industry.Siemens.com/mall/collaterals/files/118/jpg/P_ST70_XX_00495i.jpg
/Siemens/ET200S/Input Output/AI/,6ES7134-4GB01-0AB0,"SIMATIC ET200S, 2AI I 2WIRE 4 .. 20MA ST","SIMATIC DP, Electronics module f. ET200S, 2AI Standard I-2DMU 15 mm width, 4.. 20mA, 13 bit for 2-wire transducer Cycle tIMe 65 ms/channel with SF LED (group fault)",3095,https://mall.industry.Siemens.com/mall/en/ww/Catalog/Product/6ES7134-4GB01-0AB0,https://mall.industry.Siemens.com/mall/collaterals/files/118/jpg/P_ST70_XX_00492i.jpg
/Siemens/ET200S/Input Output/AI/,6ES7134-4GB11-0AB0,"SIMATIC ET200S, 2AI I 4WIRE ST","SIMATIC DP, Electronics module f. ET200S, 2AI Standard I-4DMU 15 mm width, +/-20mA, 13 bit+sign 4.. 20mA, 12-bit for 4-wire transmitter Cycle tIMe 65 ms/channel with SF LED (group fault)",3095,https://mall.industry.Siemens.com/mall/en/ww/Catalog/Product/6ES7134-4GB11-0AB0,https://mall.industry.Siemens.com/mall/collaterals/files/118/jpg/P_ST70_XX_00492i.jpg
/Siemens/ET200S/Input Output/AI/,6ES7134-4JB01-0AB0,"SIMATIC ET200S, 2AI TC ST","SIMATIC DP, Electronics module for ET 200S, 2 AI TC standard, 15 mm width, 15 bit+sign +/-80 mV, Characteristic linearizatIOn for thermocouples of the types: B, E, J, K, L, N, R, S, T Cycle tIMe 65 ms/channel with SF LED (group fault)",0,https://mall.industry.Siemens.com/mall/en/ww/Catalog/Product/6ES7134-4JB01-0AB0,https://mall.industry.Siemens.com/mall/collaterals/files/118/jpg/G_ST70_XX_00837i.jpg
/Siemens/ET200S/Input Output/AI/,6ES7134-4JB51-0AB0,"SIMATIC ET200S, 2/4AI RTD ST","SIMATIC DP, Electronics module for ET 200S, 2/4 AI RTD Standard, 15 mm width, 15 bit+sign Pt100 STD, Pt100 KL, NI100 STD, NI100 KL, 150 ohm, 300 ohm, 600 ohm, Cycle tIMe 110 ms/channel with SF LED (group fault)",0,https://mall.industry.Siemens.com/mall/en/ww/Catalog/Product/6ES7134-4JB51-0AB0,https://mall.industry.Siemens.com/mall/collaterals/files/118/jpg/G_ST70_XX_00838i.jpg
/Siemens/ET200S/Input Output/AI/,6ES7134-4JD00-0AB0,"SIMATIC ET200S, 4AI TC ST","SIMATIC DP, Electronics module for ET 200S, 4 AI TC, +/-80 mV, 15 mm width, 15 bit+sign with SF LED (group fault)",0,https://mall.industry.Siemens.com/mall/en/ww/Catalog/Product/6ES7134-4JD00-0AB0,https://mall.industry.Siemens.com/mall/collaterals/files/118/jpg/G_ST70_XX_00839i.jpg
/Siemens/ET200S/Input Output/AI/,6ES7134-4GD00-0AB0,"SIMATIC ET200S, 4AI I 2WIRE ST","SIMATIC DP, Electronics module ET 200S 4AI standard I-2-wire, 4-20 mA, 13 bit, 15 mm width, for 2-wire transducer Cycle tIMe 40 ms/module with SF LED (group fault)",3865,https://mall.industry.Siemens.com/mall/en/ww/Catalog/Product/6ES7134-4GD00-0AB0,https://mall.industry.Siemens.com/mall/collaterals/files/118/jpg/P_ST70_XX_00492i.jpg
/Siemens/ET200S/Input Output/AO/,6ES7135-4FB01-0AB0,"SIMATIC ET200S, 2AO U ST","SIMATIC DP, Electronics module f. ET200S, 2 AO U, 15 mm width, +/-10V, 13 bit+sign, 1..5 V, 12 bit, Cycle tIMe less than 1 ms with SF LED (group fault)",0,https://mall.industry.Siemens.com/mall/en/ww/Catalog/Product/ 6ES7135-4FB01-0AB0,https://mall.industry.Siemens.com/mall/collaterals/files/118/jpg/P_ST70_XX_00492i.jpg
/Siemens/ET200S/Input Output/AO/,6ES7135-4GB01-0AB0,"SIMATIC ET200S, 2AO I ST","SIMATIC DP, Electronics module for ET 200S, 2 AO I 15 mm width, +/-20mA, 13 bit+sign, 4..20mA, 13 bit Cycle tIMe less than 1 ms with SF LED (group fault)",3070,https://mall.industry.Siemens.com/mall/en/ww/Catalog/Product/6ES7135-4GB01-0AB0,https://mall.industry.Siemens.com/mall/collaterals/files/118/jpg/P_ST70_XX_00492i.jpg
/Siemens/ET200S/Input Output/AO/,6ES7193-4CB00-0AA0,"SIMATIC ET200S, TERMINAL BLOCK 2X3 SCREW TERMINAL [5 PIECES]","SIMATIC DP, 5 terminal modules TM-E15S23-01 for ET 200S for electronic modules 15 mm width, Screw terminals, 2x3 terminal connectIOns without terminal access to AUX1, AUX1 continuous 5 units per packing unit",0,https://mall.industry.Siemens.com/mall/en/ww/Catalog/Product/6ES7193-4CB00-0AA0,https://mall.industry.Siemens.com/mall/collaterals/files/118/jpg/P_ST70_XX_00490i.jpg
/Siemens/ET200S/Input Output/DI/,6ES7131-4BB01-0AA0,"SIMATIC ET200S, 2DI DC24V ST [5PCS]","SIMATIC DP, 5 electronic modules for ET 200S, 2 DI Standard 24 V DC, 15 mm width, 5 units per packing unit",1855,https://mall.industry.Siemens.com/mall/en/ww/Catalog/Product/6ES7131-4BB01-0AA0,https://mall.industry.Siemens.com/mall/collaterals/files/118/jpg/P_ST70_XX_00495i.jpg
/Siemens/ET200S/Input Output/DI/,6ES7131-4BD01-0AA0,"SIMATIC ET200S, 4DI DC24V ST [5PCS]","SIMATIC DP, 5 electronic modules for ET 200S, 4DI standard 24 V DC, 15 mm width, 5 units per packing unit",3030,https://mall.industry.Siemens.com/mall/en/ww/Catalog/Product/6ES7131-4BD01-0AA0,https://mall.industry.Siemens.com/mall/collaterals/files/118/jpg/P_ST70_XX_00495i.jpg
/Siemens/ET200S/Input Output/DI/,6ES7131-4CD02-0AB0,"SIMATIC ET200S, 4DI UC DC 24V-48V ST [5PCS]","SIMATIC DP, 5 electronic modules ET 200S: 4 DI 24 V...48 V UI, 15 mm width, with SF LED (group fault) 5 units per packing unit",0,https://mall.industry.Siemens.com/mall/en/ww/Catalog/Product/6ES7131-4CD02-0AB0,https://mall.industry.Siemens.com/mall/collaterals/files/118/jpg/G_ST70_XX_00834i.jpg
/Siemens/ET200S/Input Output/DI/,6ES7131-4BF00-0AA0,"SIMATIC ET200S, 8DI DC24V ST [1PCS]","Electronics module for ET 200S, 8DI 24 V DC 15 mm width, 1 unit per packing unit",1040,https://mall.industry.Siemens.com/mall/en/ww/Catalog/Product/6ES7131-4BF00-0AA0,https://mall.industry.Siemens.com/mall/collaterals/files/118/jpg/P_ST70_XX_00495i.jpg
/Siemens/ET200S/Input Output/DI/,6ES7131-4FB00-0AB0,"SIMATIC ET200S, 2DI 230V AC [5 PIECES]","SIMATIC DP, 5 electronic modules for ET 200S, 2 DI 230 V AC 15 mm width, 5 units per packing unit",4215,https://mall.industry.Siemens.com/mall/en/ww/Catalog/Product/6ES7131-4FB00-0AB0,https://mall.industry.Siemens.com/mall/collaterals/files/118/jpg/P_PM10_XX_00013i.jpg
/Siemens/ET200S/Input Output/DO/,6ES7132-4BB01-0AA0,"SIMATIC ET200S, 2DO DC24V/0.5A ST [5PCS]","SIMATIC DP, 5 electronic modules for ET 200S, 2 DO Standard 24 V DC/0.5 A, 15 mm width, 5 units per packing unit",2590,https://mall.industry.Siemens.com/mall/en/ww/Catalog/Product/6ES7132-4BB01-0AA0,https://mall.industry.Siemens.com/mall/collaterals/files/118/jpg/P_ST70_XX_00495i.jpg
/Siemens/ET200S/Input Output/DO/,6ES7132-4BB31-0AA0,"SIMATIC ET200S, 2DO DC24V/2A ST [5PCS]","SIMATIC DP, 5 electronic modules for ET 200S, 2 DO Standard 24 V DC/2 A, 15 mm width, 5 units per packing unit",0,https://mall.industry.Siemens.com/mall/en/ww/Catalog/Product/6ES7132-4BB31-0AA0,https://mall.industry.Siemens.com/mall/collaterals/files/118/jpg/P_ST70_XX_00495i.jpg
/Siemens/ET200S/Input Output/DO/,6ES7132-4HB01-0AB0,"SIMATIC ET200S, 2DO RELAY 24VDC-230V AC/5A [5PCS]","SIMATIC DP, 5 electronic modules for ET 200S, 2 DO relay 24 V DC-230 V AC/5 A, 15 mm width, Substitute value output with LED SF (group fault) 5 units per packing unit",4120,https://mall.industry.Siemens.com/mall/en/ww/Catalog/Product/6ES7132-4HB01-0AB0,https://mall.industry.Siemens.com/mall/collaterals/files/118/jpg/P_ST70_XX_00495i.jpg
/Siemens/ET200S/Input Output/DO/,6ES7132-4HB12-0AB0,"SIMATIC ET200S, 2DO RELAY 24VDC-48V AC/5A-230V/5A [5PCS]","SIMATIC DP, 5 electronic modules ET 200S: 2 DQ relay (changeover contact) 24 V-48 V DC/5 A, 24 V-230 V AC/5 A, 15 mm width, Substitute value output, 5 units per packing unit",0,https://mall.industry.Siemens.com/mall/en/ww/Catalog/Product/6ES7132-4HB12-0AB0,https://mall.industry.Siemens.com/mall/collaterals/files/118/jpg/G_ST70_XX_00836i.jpg
/Siemens/ET200S/Input Output/DO/,6ES7132-4HB50-0AB0,"SIMATIC ET200S, 2DO 24VDC-230VAC/5A rel./c. manual operatIOn [1PCS]","SIMATIC DP, Electronics module ET 200S: 2 DQ relay (change-over contact) 24 V-48 V DC/5 A, 24 V-230 V AC/5 A, 15 mm width, substitute value output, with manual operatIOn",0,https://mall.industry.Siemens.com/mall/en/ww/Catalog/Product/6ES7132-4HB50-0AB0,https://mall.industry.Siemens.com/mall/collaterals/files/118/jpg/P_ST70_XX_03915i.jpg
/Siemens/ET200S/Input Output/DO/,6ES7132-4BD02-0AA0,"SIMATIC ET200S, 4DO DC24V/05A ST [5PCS]","SIMATIC DP, 5 electronic modules for ET 200S, 4 DO standard 24 V DC/0.5 A, 15 mm width, 5 units per packing unit",4115,https://mall.industry.Siemens.com/mall/en/ww/Catalog/Product/6ES7132-4BD02-0AA0,https://mall.industry.Siemens.com/mall/collaterals/files/118/jpg/P_ST70_XX_03806i.jpg
/Siemens/ET200S/Input Output/DO/,6ES7132-4BD32-0AA0,"SIMATIC ET200S, 4DO DC24V/2A ST [5PCS]","SIMATIC DP, 5 electronic modules for ET 200S, 4 DO standard 24 V DC/2 A, 15 mm width, 5 units per packing unit",0,https://mall.industry.Siemens.com/mall/en/ww/Catalog/Product/6ES7132-4BD32-0AA0,https://mall.industry.Siemens.com/mall/collaterals/files/118/jpg/P_ST70_XX_03806i.jpg
/Siemens/ET200S/Input Output/DO/,6ES7132-4BF00-0AA0,"SIMATIC ET200S, 8DO DC24V/0.5A ST [1PCS]","Electronics module for ET 200S, 8 DO 24 V DC/0.5 A, 15 mm width, 1 unit per packing unit",1200,https://mall.industry.Siemens.com/mall/en/ww/Catalog/Product/6ES7132-4BF00-0AA0,https://mall.industry.Siemens.com/mall/collaterals/files/118/jpg/P_ST70_XX_00495i.jpg
/Siemens/ET200S/Input Output/DO/,6ES7132-4FB01-0AB0,"SIMATIC ET200S, 2DO 24V-230VAC/1A [5 PIECES]","SIMATIC DP, 5 electronic modules for ET 200S, 2 DO 24...230 V AC 15 mm width, 5 units per packing unit",7535,https://mall.industry.Siemens.com/mall/en/ww/Catalog/Product/6ES7132-4FB01-0AB0,https://mall.industry.Siemens.com/mall/collaterals/files/118/jpg/P_ST70_XX_00495i.jpg
/Siemens/ET200S/Power Supply/,6ES7138-4CA01-0AA0,"SIMATIC ET200S, PM-E DC24V","SIMATIC DP, PM-E power modules for ET 200S, 24 V DC with diagnostics",325,https://mall.industry.Siemens.com/mall/en/ww/Catalog/Product/6ES7138-4CA01-0AA0,https://mall.industry.Siemens.com/mall/collaterals/files/118/jpg/P_ST70_XX_00498i.jpg
/Siemens/ET200S/Power Supply/,6ES7138-4CB11-0AB0,"SIMATIC ET200S, PM-E 24..48VDC 24..230VAC","SIMATIC DP, PM-E power modules for ET 200S, 24-48 V DC, 24-230 V AC, with diagnostics and fuse",840,https://mall.industry.Siemens.com/mall/en/ww/Catalog/Product/6ES7138-4CB11-0AB0,https://mall.industry.Siemens.com/mall/collaterals/files/118/jpg/P_ST70_XX_00498i.jpg
/Siemens/ET200S/Special/,6ES7138-4FD00-0AA0,"SIMATIC ET200S,  Potential distributor module 4POTDIS","SIMATIC DP, 4POTDIS for ET 200 Potential distributor module, 15 mm width,",0,https://mall.industry.Siemens.com/mall/en/ww/Catalog/Product/6ES7138-4FD00-0AA0,
/Siemens/ET200S/Special/,6ES7138-4AA01-0AA0,"SIMATIC ET200S, RESERVE MODULE 15MM","SIMATIC DP, 5 reserve modules for ET 200S, 15 mm width, for locatIOn reservatIOn not used slots, 5 units per packing unit",0,https://mall.industry.Siemens.com/mall/en/ww/Catalog/Product/6ES7138-4AA01-0AA0,https://mall.industry.Siemens.com/mall/collaterals/files/118/jpg/P_ST70_XX_03274i.jpg
/Siemens/ET200S/Special/,6ES7138-4AA11-0AA0,"SIMATIC ET200S, RESERVE MODULE 30MM","SIMATIC DP, 1 reserve module for ET 200S, 30 mm overall width, for locatIOn reservatIOn not used slots",0,https://mall.industry.Siemens.com/mall/en/ww/Catalog/Product/6ES7138-4AA11-0AA0,https://mall.industry.Siemens.com/mall/collaterals/files/118/jpg/P_ST70_XX_03274i.jpg
/Siemens/ET200S/Terminal Module/,6ES7193-4DL10-0AA0,"SIMATIC ET200S, TERMINAL MODULE - 32 PT","SIMATIC DP, terminal module TM-C120S for ET 200S Compact, screw terminals, 4x 21 terminal connectIOns, suitable for 32-channel mod. in 2-wire system",1470,https://mall.industry.Siemens.com/mall/en/ww/Catalog/Product/6ES7193-4DL10-0AA0,https://mall.industry.Siemens.com/mall/collaterals/files/118/jpg/G_ST70_XX_00886i.jpg
/Siemens/ET200S/Terminal Module/,6ES7193-4CC20-1AA0*5,"SIMATIC ET200S, TERMINAL BLOCK WITH SCREW 2X3 Access to AUX1 [5 PICS]","SIMATIC DP, 5 terminal modules TM-P15S23-A1 for ET 200S for power modules, 15 mm width, Screw terminals 2x3 terminal connectIOns with terminal access to AUX1, AUX1 continuous 5 units per packing unit",0,https://mall.industry.Siemens.com/mall/en/ww/Catalog/Product/6ES7193-4CC20-1AA0,https://mall.industry.Siemens.com/mall/collaterals/files/118/jpg/G_ST70_XX_00840i.jpg
/Siemens/ET200S/Terminal Module/,6ES7193-4CE00-1AA0*5,"SIMATIC ET200S, TERMINAL MODULE WITHOUT ACCESS TO AUX1 2X2;SCREW TERMINAL [5 PCS]","SIMATIC DP, 5 terminal modules TM-P15S22-01 for ET 200S for power modules, 15 mm width, Screw terminals 2x2 terminal connectIOns without terminal access to AUX1, AUX1 continuous 5 units per packing unit",0,https://mall.industry.Siemens.com/mall/en/ww/Catalog/Product/6ES7193-4CE00-1AA0,https://mall.industry.Siemens.com/mall/collaterals/files/118/jpg/G_ST70_XX_00844i.jpg
/Siemens/ET200S/Terminal Module/,6ES7193-4CE00-0AA0,"SIMATIC ET200S, TERMINAL MODULE WITHOUT ACCESS TO AUX1 2X2;SCREW TERMINAL","SIMATIC DP, Terminal module TM-P15S22-01 for ET 200S for power modules, 15 mm width, Screw terminals 2x2 terminal connectIOns without terminal access to AUX1, AUX1 continuous",0,https://mall.industry.Siemens.com/mall/en/ww/Catalog/Product/6ES7193-4CE00-0AA0,https://mall.industry.Siemens.com/mall/collaterals/files/118/jpg/P_NSA0_XX_00113i.jpg
/Siemens/ET200S/Terminal Module/,6ES7193-4CD20-1AA0*5,"SIMATIC ET200S, TEMINAL MODULE FOR AUX1 INFEED 2X3; SCREW TERMINAL [5 PCS]","SIMATIC DP, 5 terminal modules TM-P15S23-A0 for ET 200S for power modules, 15 mm width, Screw terminals 2x3 terminal connectIOns with terminal access to AUX1, AUX1 interrupted 5 units per packing unit",0,https://mall.industry.Siemens.com/mall/en/ww/Catalog/Product/6ES7193-4CD20-1AA0,https://mall.industry.Siemens.com/mall/collaterals/files/118/jpg/G_ST70_XX_00842i.jpg
/Siemens/ET200S/Terminal Module/,6ES7193-4CD20-0AA0,"SIMATIC ET200S, TEMINAL MODULE FOR AUX1 INFEED 2X3; SCREW TERMINAL","SIMATIC DP, Terminal module TM-P15S23-A0 for ET 200S for power modules, 15 mm width, Screw terminals 2x3 terminal connectIOns with terminal access to AUX1, AUX1 interrupted",200,https://mall.industry.Siemens.com/mall/en/ww/Catalog/Product/6ES7193-4CD20-0AA0,https://mall.industry.Siemens.com/mall/collaterals/files/118/jpg/P_NSA0_XX_00113i.jpg
/Siemens/ET200S/Terminal Module/,6ES7193-4CA40-0AA0,"SIMATIC ET200S, UNIVERSAL TERMINAL 2X6 ACCESS TO AUX1 [5PCS]","SIMATIC DP, 5 universal terminal modules TM-E15S26-A1 for ET 200S for electronic modules 15 mm width, Screw terminals, 2x6 terminal connectIOns with terminal access to AUX1, AUX1 continuous 5 units per packing unit",1320,https://mall.industry.Siemens.com/mall/en/ww/Catalog/Product/6ES7193-4CA40-0AA0,https://mall.industry.Siemens.com/mall/collaterals/files/118/jpg/P_ST70_XX_00490i.jpg
/Siemens/ET200S/Terminal Module/,6ES7193-4CA20-0AA0,"SIMATIC ET200S, TERMINAL MODULE 2X4 SCREW","SIMATIC DP, 5 terminal modules TM-E15S24-A1 for ET 200S for electronic modules 15 mm width, Screw terminals, 2x4 terminal connectIOns with terminal access to AUX1, AUX1 continuous 5 units per packing unit",0,https://mall.industry.Siemens.com/mall/en/ww/Catalog/Product/6ES7193-4CA20-0AA0,https://mall.industry.Siemens.com/mall/collaterals/files/118/jpg/P_ST70_XX_00490i.jpg
/Siemens/ET200S/Terminal Module/,6ES7193-4CB20-0AA0,"SIMATIC ET200S, TERMINAL MODULE 2X4SCREW TERMINAL [5PCS]","SIMATIC DP, 5 terminal modules TM-E15S24-01 for ET 200S for electronic modules 15 mm width, Screw terminals, 2x4 terminal connectIOns without terminal access to AUX1, AUX1 continuous 5 units per packing unit",0,https://mall.industry.Siemens.com/mall/en/ww/Catalog/Product/6ES7193-4CB20-0AA0,https://mall.industry.Siemens.com/mall/collaterals/files/118/jpg/P_ST70_XX_00490i.jpg
/Siemens/ET200S/Terminal Module/,6ES7193-4CC20-0AA0,"SIMATIC ET200S, TERMINAL BLOCK WITH SCREW 2X3 Access to AUX1","SIMATIC DP, Terminal module TM-P15S23-A1 for ET 200S for power modules, 15 mm width, Screw terminals 2x3 terminal connectIOns with terminal access to AUX1, AUX1 continuous",200,https://mall.industry.Siemens.com/mall/en/ww/Catalog/Product/6ES7193-4CC20-0AA0,https://mall.industry.Siemens.com/mall/collaterals/files/118/jpg/P_NSA0_XX_00113i.jpg
/Siemens/ET200S/Terminal Module/,6ES7193-4CG20-0AA0,"SIMATIC ET200S, TERMINAL MODULE SCREW TERMINALS 30MM","SIMATIC DP, 1 terminal module TM-E30S44-01 for ET 200S for electronic modules 30 mm overall width, Screw terminals, 4x 4 terminal connectIOns without terminal access to AUX1, AUX1 continuous",0,https://mall.industry.Siemens.com/mall/en/ww/Catalog/Product/6ES7193-4CG20-0AA0,https://www.automation.siemens.com/bilddb/interfaces/InterfaceImageDB.asmx/GetImageVariant?objectkey=G_ST70_XX_96698&amp;imagevariantid=16&amp;lang=&amp;interfaceuserid=MALL
/Siemens/ET200S/Terminal Module/,6ES7193-4CF40-0AA0,"SIMATIC ET200S, TERMINAL MODULE SCREW TERM;AUX1 30MM","SIMATIC DP, Terminal module TM-E30S46-A1 for ET 200S for electronic modules 30 mm overall width, Screw terminals, 4x 6 terminal connectIOns with terminal access to AUX1, AUX1 continuous",0,https://mall.industry.Siemens.com/mall/en/ww/Catalog/Product/6ES7193-4CF40-0AA0,https://www.automation.siemens.com/bilddb/interfaces/InterfaceImageDB.asmx/GetImageVariant?objectkey=G_ST70_XX_96697&amp;imagevariantid=16&amp;lang=&amp;interfaceuserid=MALL
/Siemens/HMI/Basic Panel/,6AV6647-0AH11-3AX0,"SIMATIC HMI, KP300 BASIC - FUNCTION KEYS PN","SIMATIC HMI KP300 Basic mono PN, Basic Panel, key operatIOn, 3"" FSTN LCD display, black/white, PROFINET interface, configurable from WinCC Basic V11/ STEP 7 Basic V11, contains open-source software, which is provided free of charge see enclosed CD",4825,https://mall.industry.Siemens.com/mall/en/ww/Catalog/Product/6AV6647-0AH11-3AX0,https://mall.industry.Siemens.com/mall/collaterals/files/118/jpg/P_ST80_XX_01468i.jpg
/Siemens/HMI/Basic Panel/,6AV6647-0AA11-3AX0,"SIMATIC HMI, KTP400 BASIC - FUNCTION KEYS PN","SIMATIC HMI KTP400 Basic mono PN, Basic Panel, key/touch operatIOn, 4"" STN display, 4 gray levels, PROFINET interface, configurable as of WinCC flexible 2008 SP2 Compact/ WinCC Basic V10.5/ STEP 7 Basic V10.5, contains open-source software, which is provided free of charge see enclosed CD",0,https://mall.industry.Siemens.com/mall/en/ww/Catalog/Product/6AV6647-0AA11-3AX0,https://mall.industry.Siemens.com/mall/collaterals/files/118/jpg/P_ST80_XX_01125i.jpg
/Siemens/HMI/Basic Panel/,6AV6647-0AD11-3AX0,"SIMATIC HMI, KTP600 BASIC - 5.7"" - TOUCH PN","SIMATIC HMI KTP600 Basic Color PN, Basic Panel, key/touch operatIOn, 6"" TFT display, 256 colors, PROFINET interface, configurable as of WinCC flexible 2008 SP2 Compact/ WinCC Basic V10.5/ STEP 7 Basic V10.5, contains open-source software, which is provided free of charge see enclosed CD",0,https://mall.industry.Siemens.com/mall/en/ww/Catalog/Product/6AV6647-0AD11-3AX0,https://mall.industry.Siemens.com/mall/collaterals/files/118/jpg/P_ST80_XX_01241i.jpg
/Siemens/HMI/Basic Panel/,6AV6647-0AC11-3AX0,"SIMATIC HMI, KTP600 BASIC - 5.7"" - TOUCH DP","SIMATIC HMI KTP600 Basic Color DP, Basic Panel, key/touch operatIOn, 6"" TFT display, 256 colors, MPI/PROFIBUS DP interface, configurable as of WinCC flexible 2008 SP2 Compact/ WinCC Basic V11/ STEP 7 Basic V11, contains open-source software, which is provided free of charge see enclosed CD",19600,https://mall.industry.Siemens.com/mall/en/ww/Catalog/Product/6AV6647-0AC11-3AX0,https://mall.industry.Siemens.com/mall/collaterals/files/118/jpg/P_ST80_XX_01241i.jpg
/Siemens/HMI/Basic Panel/,6AV2123-2GA03-0AX0,"SIMATIC HMI, KTP700 BASIC - 7"" - TOUCH DP","SIMATIC HMI, KTP700 Basic DP, Basic Panel, Key/touch operatIOn, 7"" TFT display, 65536 colors, PROFIBUS interface, configurable as of WinCC Basic V13/ STEP 7 Basic V13, contains open-source software, which is provided free of charge see enclosed CD",15900,https://mall.industry.Siemens.com/mall/en/ww/Catalog/Product/6AV2123-2GA03-0AX0,https://mall.industry.Siemens.com/mall/collaterals/files/118/jpg/P_ST80_XX_02329i.jpg
/Siemens/HMI/Basic Panel/,6AV2123-2GB03-0AX0,"SIMATIC HMI, KTP700 BASIC - 7"" - TOUCH PN","SIMATIC HMI, KTP700 Basic, Basic Panel, Key/touch operatIOn, 7"" TFT display, 65536 colors, PROFINET interface, configurable from WinCC Basic V13/ STEP 7 Basic V13, contains open-source software, which is provided free of charge see enclosed CD",0,https://mall.industry.Siemens.com/mall/en/ww/Catalog/Product/6AV2123-2GB03-0AX0,https://mall.industry.Siemens.com/mall/collaterals/files/118/jpg/P_ST80_XX_03602i.jpg
/Siemens/HMI/Basic Panel/,6AV2123-2JB03-0AX0,"SIMATIC HMI, KTP900 BASIC - 9"" - TOUCH","SIMATIC HMI, KTP900 Basic, Basic Panel, Key/touch operatIOn, 9"" TFT display, 65536 colors, PROFINET interface, configurable from WinCC Basic V13/ STEP 7 Basic V13, contains open-source software, which is provided free of charge see enclosed CD",0,https://mall.industry.Siemens.com/mall/en/ww/Catalog/Product/6AV2123-2JB03-0AX0,https://mall.industry.Siemens.com/mall/collaterals/files/118/jpg/P_ST80_XX_03604i.jpg
/Siemens/HMI/Basic Panel/,6AV6647-0AF11-3AX0,"SIMATIC HMI, KTP1000 BASIC - 10.4'' - TOUCH PN","SIMATIC HMI KTP1000 Basic Color PN, Basic Panel, Key/touch operatIOn, 10"" TFT display, 256 colors, PROFINET interface, configurable as of WinCC flexible 2008 SP2 Compact/ WinCC Basic V10.5/ STEP 7 Basic V10.5, contains open-source software, which is provided free of charge see enclosed CD",0,https://mall.industry.Siemens.com/mall/en/ww/Catalog/Product/6AV6647-0AF11-3AX0,https://mall.industry.Siemens.com/mall/collaterals/files/118/jpg/P_ST80_XX_01253i.jpg
/Siemens/HMI/Basic Panel/,6AV6647-0AE11-3AX0,"SIMATIC HMI, KTP1000 BASIC - 10.4'' - TOUCH DP","SIMATIC HMI KTP1000 Basic Color DP, Basic Panel, Key/touch operatIOn, 10"" TFT display, 256 colors, MPI/PROFIBUS DP interface, configurable as of WinCC flexible 2008 SP2 Compact/ WinCC Basic V11/ STEP 7 Basic V11, contains open-source software, which is provided free of charge see enclosed CD",0,https://mall.industry.Siemens.com/mall/en/ww/Catalog/Product/6AV6647-0AE11-3AX0,https://mall.industry.Siemens.com/mall/collaterals/files/118/jpg/P_ST80_XX_01253i.jpg
/Siemens/HMI/Basic Panel/,6AV2123-2MA03-0AX0,"SIMATIC HMI, KTP1200 BASIC - 12"" - TOUCH DP","SIMATIC HMI, KTP1200 Basic DP, Basic Panel, Key/touch operatIOn, 12"" TFT display, 65536 colors, PROFIBUS interface, configurable as of WinCC Basic V13/ STEP 7 Basic V13, contains open-source software, which is provided free of charge see enclosed CD",0,https://mall.industry.Siemens.com/mall/en/ww/Catalog/Product/6AV2123-2MA03-0AX0,https://mall.industry.Siemens.com/mall/collaterals/files/118/jpg/P_ST80_XX_02118i.jpg
/Siemens/HMI/Basic Panel/,6AV2123-2MB03-0AX0,"SIMATIC HMI, KTP1200 BASIC - 12"" - TOUCH PN","SIMATIC HMI, KTP1200 Basic, Basic Panel, Key/touch operatIOn, 12"" TFT display, 65536 colors, PROFINET interface, configurable from WinCC Basic V13/ STEP 7 Basic V13, contains open-source software, which is provided free of charge see enclosed CD",0,https://mall.industry.Siemens.com/mall/en/ww/Catalog/Product/6AV2123-2MB03-0AX0,https://mall.industry.Siemens.com/mall/collaterals/files/118/jpg/P_ST80_XX_02312i.jpg
/Siemens/HMI/Basic Panel/,6AV6647-0AG11-3AX0,"SIMATIC HMI, TP1500 BASIC - 15"" - TOUCH PN","SIMATIC HMI TP1500 Basic Color PN, Basic Panel, Touch operatIOn, 15"" TFT display, 256 colors, PROFINET interface, configurable as of WinCC flexible 2008 SP2 Compact/ WinCC Basic V10.5/ STEP 7 Basic V10.5, contains open-source software, which is provided free of charge see enclosed CD",0,https://mall.industry.Siemens.com/mall/en/ww/Catalog/Product/6AV6647-0AG11-3AX0,https://mall.industry.Siemens.com/mall/collaterals/files/118/jpg/P_ST80_XX_01123i.jpg
/Siemens/HMI/Memory Card/,6AV6671-1CB00-0AX2,"SIMATIC HMI,  MM MEMORY CARD 128 MB","SIMATIC MM memory card 128 MB multi media card for OP 77B, TP/OP 177B, TP/OP 277, C7-635, MP 177, MP 277, MP 377, Mobile Panel 177, Mobile Panel 277 and all other HMI panels with MM slot Further informatIOn, Quantity and content: see technical data",1860,https://mall.industry.Siemens.com/mall/en/ww/Catalog/Product/6AV6671-1CB00-0AX2,https://mall.industry.Siemens.com/mall/collaterals/files/118/jpg/P_ST80_XX_01732i.jpg
/Siemens/HMI/Memory Card/,6AV6671-8XB10-0AX1,"SIMATIC HMI, SD MEMORY CARD 512 MB","SIMATIC SD memory card 512 MB Secure Digital card for For devices with corresponding Slot Further informatIOn, Quantity and content: see technical data all other HMI panels with SD/MMC slot",1390,https://mall.industry.Siemens.com/mall/en/ww/Catalog/Product/6AV6671-8XB10-0AX1,https://mall.industry.Siemens.com/mall/collaterals/files/118/jpg/P_ST80_XX_01736i.jpg
/Siemens/Network/,6GK5005-0BA00-1AA3,SCALANCE X005,"SCALANCE X005, IE Entry Level Switch unmanaged 5x 10/100 Mbit/s RJ45 ports, LED diagnostics, IP30, 24 V DC power supply, PROFINET-compliant securing collars, Manual available as a download .",5910,https://mall.industry.Siemens.com/mall/en/ww/Catalog/Product/6GK5005-0BA00-1AA3,https://mall.industry.Siemens.com/mall/collaterals/files/118/jpg/P_IK10_XX_00130i.jpg
/Siemens/Network/,6GK5106-1BB00-2AA3,SCALANCE X106-1,"SCALANCE X106-1, Unmanaged IE switch, 6x 10/100 Mbit/s RJ45 ports, 1x 100 Mbit/s MultIMode BFOC, LED diagnostics, error-signaling contact with set pushbutton, redundant power supply Manual available as a download .",0,https://mall.industry.Siemens.com/mall/en/ww/Catalog/Product/6GK5106-1BB00-2AA3,https://mall.industry.Siemens.com/mall/collaterals/files/118/jpg/P_IK10_XX_00849i.jpg
/Siemens/Network/,6GK5206-1BB10-2AA3,SCALANCE X206-1,"SCALANCE X206-1, managed IE switch, 6x 10/100 Mbit/s RJ45 ports, 1x 100 Mbit/s multIMode BFOC, LED diagnostics, error signaling contact with set pushbutton, redundant power supply, PROFINET IO device, Network management, redundancy manager integrated, incl. electron. manual on CD-ROM, C-PLUG optIOnal.",0,https://mall.industry.Siemens.com/mall/en/ww/Catalog/Product/6GK5206-1BB10-2AA3,https://mall.industry.Siemens.com/mall/collaterals/files/118/jpg/P_IK10_XX_00819i.jpg
/Siemens/Network/,6GK5206-1BC10-2AA3,SCALANCE X206-1LD,"SCALANCE X206-1LD, managed IE switch, 6x 10/100 Mbit/s RJ45 ports, 1x 100 Mbit/s single-mode BFOC, error signaling contact with set pushbutton, redundant power supply, PROFINET IO device, Network management, Redundancy Manager integrated, incl. electron. manual on CD-ROM, C-PLUG optIOnal.",0,https://mall.industry.Siemens.com/mall/en/ww/Catalog/Product/6GK5206-1BC10-2AA3,https://mall.industry.Siemens.com/mall/collaterals/files/118/jpg/P_IK10_XX_00819i.jpg
/Siemens/Network/,6GK5108-0BA00-2AA3,SCALANCE X108,"SCALANCE X108, Unmanaged IE switch, 8x 10/100 Mbit/s RJ45 ports, LED diagnostics, error-signaling contact with set pushbutton, redundant power supply Manual available as a download .",12235,https://mall.industry.Siemens.com/mall/en/ww/Catalog/Product/6GK5108-0BA00-2AA3,https://mall.industry.Siemens.com/mall/collaterals/files/118/jpg/P_IK10_XX_00824i.jpg
/Siemens/Network/,6GK5208-0BA10-2AA3,SCALANCE X208,"SCALANCE X208, managed IE switch, 8x 10/100 Mbit/s RJ45 ports, LED diagnostics, error-signaling contact with set pushbutton, redundant power supply, PROFINET IO device, Network management, redundancy manager integrated, incl. electron. manual on CD-ROM, C-PLUG optIOnal.",0,https://mall.industry.Siemens.com/mall/en/ww/Catalog/Product/6GK5208-0BA10-2AA3,https://mall.industry.Siemens.com/mall/collaterals/files/118/jpg/P_IK10_XX_00825i.jpg
/Siemens/Network/,6GK5108-0PA00-2AA3,SCALANCE X108POE,"SCALANCE X108PoE unmanaged IE switch, 2x 10/100 Mbit/s RJ45 Power-over-Ethernet ports and 6x 10/100 Mbit/s RJ45 ports, LED diagnostics, error signaling contact with set pushbutton, redundant power supply manual available as a download .",0,https://mall.industry.Siemens.com/mall/en/ww/Catalog/Product/6GK5108-0PA00-2AA3,https://mall.industry.Siemens.com/mall/collaterals/files/118/jpg/P_IK10_XX_01197i.jpg
/Siemens/Network/,6GK5112-2BB00-2AA3,SCALANCE X112-2,"SCALANCE X112-2, unmanaged IE switch, 12x 10/100 Mbit/s RJ45 ports, 2x 100 Mbit/s multIMode BFOC, LED diagnostics, error-signaling contact with set pushbutton, redundant power supply manual available as a download .",0,https://mall.industry.Siemens.com/mall/en/ww/Catalog/Product/6GK5112-2BB00-2AA3,https://mall.industry.Siemens.com/mall/collaterals/files/118/jpg/P_IK10_XX_00976i.jpg
/Siemens/Network/,6GK5212-2BB00-2AA3,SCALANCE X212-2,"SCALANCE X212-2, managed IE switch, 12x 10/100 Mbit/s RJ45 ports, 2x 100 Mbit/s multIMode BFOC, LED diagnostics, error-signaling contact with set pushbutton, redundant power supply, PROFINET IO device, Network management, redundancy manager integrated, incl. electron. manual on CD-ROM, C-PLUG optIOnal.",0,https://mall.industry.Siemens.com/mall/en/ww/Catalog/Product/6GK5212-2BB00-2AA3,https://mall.industry.Siemens.com/mall/collaterals/files/118/jpg/P_IK10_XX_00996i.jpg
/Siemens/Network/,6GK5212-2BC00-2AA3,SCALANCE X212-2LD,"SCALANCE X212-2LD, managed IE switch, 12x 10/100 Mbit/s RJ45 ports, 2x 100 Mbit/s single-mode BFOC, LED diagnostics, error-signaling contact with set pushbutton, redundant power supply, PROFINET IO device, Network management, Redundancy Manager integrated, incl. electron. manual on CD-ROM, C-PLUG optIOnal.",0,https://mall.industry.Siemens.com/mall/en/ww/Catalog/Product/6GK5212-2BC00-2AA3,https://mall.industry.Siemens.com/mall/collaterals/files/118/jpg/P_IK10_XX_00999i.jpg
/Siemens/Power Supply/,6EP1332-1LB00,"SIMATIC SITOP, PSU100L [1AC] [2.5A]","SITOP PSU100L 24 V/2.5 A Stabilized power supply input: 120/230 V AC, output: DC 24 V/2,5 A",1365,https://mall.industry.Siemens.com/mall/en/ww/Catalog/Product/6EP1332-1LB00,https://mall.industry.Siemens.com/mall/collaterals/files/118/jpg/P_KT01_XX_01270i.jpg
/Siemens/Power Supply/,6EP1333-1LB00,"SIMATIC SITOP, PSU100L [1AC] [5A]","SITOP PSU100L 24 V/5 A Stabilized power supply input: 120/230 V AC, output: 24 V DC/5 A",2000,https://mall.industry.Siemens.com/mall/en/ww/Catalog/Product/6EP1333-1LB00,https://mall.industry.Siemens.com/mall/collaterals/files/118/jpg/P_KT01_XX_01271i.jpg
/Siemens/Power Supply/,6EP1334-3BA10,"SIMATIC SITOP, PSU200M [1AC] [10A]",SITOP PSU200M 10 A stabilized power supply input: 120/230-500 V AC output: 24 V DC/ 10 A,0,https://mall.industry.Siemens.com/mall/en/ww/Catalog/Product/6EP1334-3BA10,https://mall.industry.Siemens.com/mall/collaterals/files/118/jpg/P_KT01_XX_01256i.jpg
/Siemens/Power Supply/,6EP3436-8SB00-0AY0,"SIMATIC SITOP, PSU8200 [3AC] [20A]",SITOP PSU8200 24 V/20 A stabilized power supply input: 400-500 V 3 AC output: 24 V DC/20 A,6845,https://mall.industry.Siemens.com/mall/en/ww/Catalog/Product/6EP3436-8SB00-0AY0,https://mall.industry.Siemens.com/mall/collaterals/files/118/jpg/P_KT01_XX_01566i.jpg
/Siemens/Power Supply/,6EP1437-3BA10,"SIMATIC SITOP, PSU8200 [3AC] [40A]",SITOP PSU8200 24 V/40 A stabilized power supply input: 400-500 V 3 AC output: 24 V DC/40 A,0,https://mall.industry.Siemens.com/mall/en/ww/Catalog/Product/6EP1437-3BA10,https://mall.industry.Siemens.com/mall/collaterals/files/117/jpg/P_KT01_XX_01066i.jpg
/Siemens/S7 1200/Communication/,6GK7277-1AA10-0AA0,"SIMATIC S7-1200, CSM 1277 SWITCH MODULE - 4*RJ45 PORTS","Compact Switch Module CSM 1277 for connecting SIMATIC S7-1200 and up to 3 further nodes to Industrial Ethernet with 10/100 Mbit/s, unmanaged switch, 4 RJ45 ports, ext. 24 V DC power supply LED diagnostics, S7-1200 module incl. electronic Equipment Manual on CD-ROM.",0,https://mall.industry.Siemens.com/mall/en/ww/Catalog/Product/6GK7277-1AA10-0AA0,https://mall.industry.Siemens.com/mall/collaterals/files/118/jpg/P_IK10_XX_01245i.jpg
/Siemens/S7 1200/Communication/,6GK7242-5DX30-0XE0,"SIMATIC S7-1200, CM 1242-5 PROFIBUS DP SLAVE MODULE","communicatIOns module CM 1242-5, for connectIOn of SIMATIC S7-1200 to PROFIBUS as DP slave module.",10755,https://mall.industry.Siemens.com/mall/en/ww/Catalog/Product/6GK7242-5DX30-0XE0,https://mall.industry.Siemens.com/mall/collaterals/files/118/jpg/P_IK10_XX_01407i.jpg
/Siemens/S7 1200/Communication/,6GK7243-5DX30-0XE0,"SIMATIC S7-1200, CM 1243-5 PROFIBUS DP MASTER MODULE","communicatIOns module CM 1243-5 for connectIOn of SIMATIC S7-1200 to PROFIBUS as DP Master module, PG/OP communicatIOn, S7 communicatIOn.",0,https://mall.industry.Siemens.com/mall/en/ww/Catalog/Product/6GK7243-5DX30-0XE0,https://mall.industry.Siemens.com/mall/collaterals/files/118/jpg/P_IK10_XX_01408i.jpg
/Siemens/S7 1200/CPU/,6ES7211-1AE40-0XB0,"SIMATIC S7-1200, CPU 1211C [6DI 4DO] [2AI] [0 - 10V DC] [50KB] [DC/DC/DC]","SIMATIC S7-1200, CPU 1211C, compact CPU, DC/DC/DC, onboard I/O: 6 DI 24 V DC, 4 DO 24 V DC, 2 AI 0-10 V DC, Power supply: DC 20.4-28.8V DC, Program/data memory 50 KB",6500,https://mall.industry.Siemens.com/mall/en/ww/Catalog/Product/6ES7211-1AE40-0XB0,https://mall.industry.Siemens.com/mall/collaterals/files/118/jpg/P_ST70_XX_04508i.jpg
/Siemens/S7 1200/CPU/,6ES7211-1BE40-0XB0,"SIMATIC S7-1200, CPU 1211C [6DI 4DO] [2AI] [0-10VDC] [50KB] [AC/DC/RLY]","SIMATIC S7-1200, CPU 1211C, compact CPU, AC/DC/relay, onboard I/O: 6 DI 24 V DC, 4 DO relay 2A, 2 AI 0-10 V DC, Power supply: AC 85-264 V AC at 47-63 Hz, Program/data memory 50 KB",6500,https://mall.industry.Siemens.com/mall/en/ww/Catalog/Product/6ES7211-1BE40-0XB0,https://mall.industry.Siemens.com/mall/collaterals/files/118/jpg/P_ST70_XX_04507i.jpg
/Siemens/S7 1200/CPU/,6ES7211-1HE40-0XB0,"SIMATIC S7-1200, CPU 1211C [6DI 4DO] [2AI] [0-10VDC] [50KB] [DC/DC/RELAY]","SIMATIC S7-1200, CPU 1211C, compact CPU, DC/DC/relay, onboard I/O: 6 DI 24 V DC, 4 DO relay 2A, 2 AI 0-10 V DC, Power supply: DC 20.4-28.8V DC, Program/data memory 50 KB",6500,https://mall.industry.Siemens.com/mall/en/ww/Catalog/Product/6ES7211-1HE40-0XB0,https://mall.industry.Siemens.com/mall/collaterals/files/118/jpg/P_ST70_XX_04510i.jpg
/Siemens/S7 1200/CPU/,6ES7212-1AE40-0XB0,"SIMATIC S7-1200, CPU 1212C [8DI 6DO] [2AI] [0-10 VDC] [75KB] [DC/DC/DC]","SIMATIC S7-1200, CPU 1212C, compact CPU, DC/DC/DC, onboard I/O: 8 DI 24 V DC, 6 DO 24 V DC, 2 AI 0-10 V DC, Power supply: DC 20.4-28.8V DC, Program/data memory 75 KB",9300,https://mall.industry.Siemens.com/mall/en/ww/Catalog/Product/6ES7212-1AE40-0XB0,https://mall.industry.Siemens.com/mall/collaterals/files/118/jpg/P_ST70_XX_04509i.jpg
/Siemens/S7 1200/CPU/,6ES7212-1BE40-0XB0,"SIMATIC S7-1200, CPU 1212C [8DI 6DO] [2AI] [0-10 VDC] [75KB] [AC/DC/RLY]","SIMATIC S7-1200, CPU 1212C, compact CPU, AC/DC/relay, onboard I/O: 8 DI 24 V DC, 6 DO relay 2 A, 2 AI 0-10 V DC, Power supply: AC 85-264 V AC at 47-63 Hz, Program/data memory 75 KB",9300,https://mall.industry.Siemens.com/mall/en/ww/Catalog/Product/6ES7212-1BE40-0XB0,https://mall.industry.Siemens.com/mall/collaterals/files/118/jpg/P_ST70_XX_04511i.jpg
/Siemens/S7 1200/CPU/,6ES7212-1HE40-0XB0,"SIMATIC S7-1200, CPU 1212C [8DI 6DO] [2AI] [0-10 VDC] [75KB] [DC/DC/RLY]","SIMATIC S7-1200, CPU 1212C, compact CPU, DC/DC/relay, onboard I/O: 8 DI 24 V DC, 6 DO relay 2 A, 2 AI 0-10 V DC, Power supply: DC 20.4-28.8V DC, Program/data memory 75 KB",9300,https://mall.industry.Siemens.com/mall/en/ww/Catalog/Product/6ES7212-1HE40-0XB0,https://mall.industry.Siemens.com/mall/collaterals/files/118/jpg/P_ST70_XX_04512i.jpg
/Siemens/S7 1200/CPU/,6ES7214-1AG31-0XB0,"SIMATIC S7-1200, CPU 1214C V3.1 [14DI 10DO] [2AI] [0-10 VDC] [75KB] [DC/DC/DC]","SIMATIC S7-1200, CPU 1214C, compact CPU, DC/DC/DC, onboard I/O: 14 DI 24 V DC, 10 DO 24 V DC, 2 AI 0-10 V DC, Power supply: DC 20.4-28.8V DC, Program/data memory 75 KB",0,https://mall.industry.Siemens.com/mall/en/ww/Catalog/Product/6ES7214-1AG31-0XB0,https://mall.industry.Siemens.com/mall/collaterals/files/118/jpg/G_ST70_XX_00859i.jpg
/Siemens/S7 1200/CPU/,6ES7214-1AG40-0XB0,"SIMATIC S7-1200, CPU 1214C [14DI 10DO] [2AI] [0-10 VDC] [100KB] [DC/DC/DC]","SIMATIC S7-1200, CPU 1214C, compact CPU, DC/DC/DC, onboard I/O: 14 DI 24 V DC, 10 DO 24 V DC, 2 AI 0-10 V DC, Power supply: DC 20.4-28.8V DC, Program/data memory 100 KB",12400,https://mall.industry.Siemens.com/mall/en/ww/Catalog/Product/6ES7214-1AG40-0XB0,https://mall.industry.Siemens.com/mall/collaterals/files/118/jpg/P_ST70_XX_04846i.jpg
/Siemens/S7 1200/CPU/,6ES7214-1BG40-0XB0,"SIMATIC S7-1200, CPU 1214C [14DI 10DO] [2AI] [0-10 VDC] [100KB] [AC/DC/RLY]","SIMATIC S7-1200, CPU 1214C, compact CPU, AC/DC/relay, onboard I/O: 14 DI 24 V DC, 10 DO relay 2 A, 2 AI 0-10 V DC, Power supply: AC 85-264 V AC at 47-63 Hz, Program/data memory 100 KB",12400,https://mall.industry.Siemens.com/mall/en/ww/Catalog/Product/6ES7214-1BG40-0XB0,https://mall.industry.Siemens.com/mall/collaterals/files/118/jpg/P_ST70_XX_04845i.jpg
/Siemens/S7 1200/CPU/,6ES7214-1HG40-0XB0,"SIMATIC S7-1200, CPU 1214C [14DI 10DO] [2AI] [0-10 VDC] [100KB] [DC/DC/RLY]","SIMATIC S7-1200, CPU 1214C, compact CPU, DC/DC/relay, onboard I/O: 14 DI 24 V DC, 10 DO relay 2 A, 2 AI 0-10 V DC, power supply: DC 20.4-28.8 V DC, program/data memory 100 KB",12400,https://mall.industry.Siemens.com/mall/en/ww/Catalog/Product/6ES7214-1HG40-0XB0,https://mall.industry.Siemens.com/mall/collaterals/files/118/jpg/P_ST70_XX_04847i.jpg
/Siemens/S7 1200/CPU/,6ES7215-1AG40-0XB0,"SIMATIC S7-1200, CPU 1215C 2PN [14DI 10DO] [2AI 2AO] [0-10VDC] [125KB] [DC/DC/DC]","SIMATIC S7-1200, CPU 1215C, compact CPU, DC/DC/DC, 2 PROFINET ports, onboard I/O: 14 DI 24 V DC, 10 DO 24 V DC, 0.5A, 2 AI 0-10 V DC, 2 AO 0-20 mA DC, Power supply: DC 20.4-28.8V DC, Program/data memory 125 KB",15300,https://mall.industry.Siemens.com/mall/en/ww/Catalog/Product/6ES7215-1AG40-0XB0,https://mall.industry.Siemens.com/mall/collaterals/files/118/jpg/P_ST70_XX_06003i.jpg
/Siemens/S7 1200/CPU/,6ES7215-1BG40-0XB0,"SIMATIC S7-1200, CPU 1215C 2PN [14DI 10DO] [2AI 2AO] [0-10VDC] [125KB] [AC/DC/RLY]","SIMATIC S7-1200, CPU 1215C, compact CPU, AC/DC/relay, 2 PROFINET ports, onboard I/O: 14 DI 24 V DC, 10 DO relay 2 A, 2 AI 0-10 V DC, 2 AO 0-20 mA DC, Power supply: AC 85-264 V AC at 47-63 Hz, Program/data memory 125 KB",15300,https://mall.industry.Siemens.com/mall/en/ww/Catalog/Product/6ES7215-1BG40-0XB0,https://mall.industry.Siemens.com/mall/collaterals/files/118/jpg/G_ST70_XX_00916i.jpg
/Siemens/S7 1200/CPU/,6ES7215-1HG40-0XB0,"SIMATIC S7-1200, CPU 1215C 2PN [14DI 10DO] [2AI 2AO] [0-10VDC] [125KB] [DC/DC/RLY]","SIMATIC S7-1200, CPU 1215C, compact CPU, DC/DC/relay, 2 PROFINET ports, onboard I/O: 14 DI 24 V DC, 10 DO relay 2 A, 2 AI 0-10 V DC, 2 AO 0-20 mA DC, Power supply: DC 20.4-28.8 V DC, Program/data memory 125 KB",15300,https://mall.industry.Siemens.com/mall/en/ww/Catalog/Product/6ES7215-1HG40-0XB0,https://mall.industry.Siemens.com/mall/collaterals/files/118/jpg/G_ST70_XX_00917i.jpg
/Siemens/S7 1200/CPU/,6ES7217-1AG40-0XB0,"SIMATIC S7-1200, CPU 1217C 2PN [10DI] [DC/DC/DC]","SIMATIC S7-1200, CPU 1217C, compact CPU, DC/DC/DC, 2 PROFINET ports onboard I/O: 10 DI 24 V DC, 4 DI RS422/485, 6 DO 24 V DC, 0.5A, 4 DO RS422/485, 2 AI 0-10 V DC, 2 AO 0-20 mA Power supply: DC 20.4-28.8V DC, Program/data memory 150 KB",0,https://mall.industry.Siemens.com/mall/en/ww/Catalog/Product/6ES7217-1AG40-0XB0,https://mall.industry.Siemens.com/mall/collaterals/files/118/jpg/P_ST70_XX_06682i.jpg
/Siemens/S7 1200/Input Output/AI AO/,6ES7234-4HE32-0XB0,"SIMATIC S7-1200, SM 1234 [4AI-2AO]","SIMATIC S7-1200, analog I/O SM 1234, 4 AI/2 AO, +/-10 V, 14-bit resolutIOn or 0 (4)-20mA, 13-bit resolutIOn",9005,https://mall.industry.Siemens.com/mall/en/ww/Catalog/Product/6ES7234-4HE32-0XB0,https://mall.industry.Siemens.com/mall/collaterals/files/118/jpg/P_ST70_XX_08446i.jpg
/Siemens/S7 1200/Input Output/AI/,6ES7231-4HA30-0XB0,"SIMATIC S7-1200, SB 1231 1 AI +/- 10V DC [12 BIT RES.] OR 0 - 20 MA","SIMATIC S7-1200, Analog input, SB 1231, 1 AI, +/-10 V DC (12 bit resol.) or 0-20 mA",1525,https://mall.industry.Siemens.com/mall/en/ww/Catalog/Product/6ES7231-4HA30-0XB0,https://mall.industry.Siemens.com/mall/collaterals/files/118/jpg/G_ST70_XX_00890i.jpg
/Siemens/S7 1200/Input Output/AI/,6ES7231-4HD32-0XB0,"SIMATIC S7-1200, SM 1231 4 AI +/-10V +/-5V +/-2.5V OR 0-20MA/4-20 MA 12 BIT + SIGN BIT [13 BIT ADC]","SIMATIC S7-1200, Analog input, SM 1231, 4 AI, +/-10 V, +/-5 V, +/-2.5 V, or 0-20 mA/4-20 mA, 12 bit+sign (13 bit ADC)",0,https://mall.industry.Siemens.com/mall/en/ww/Catalog/Product/6ES7231-4HD32-0XB0,https://mall.industry.Siemens.com/mall/collaterals/files/118/jpg/P_ST70_XX_04860i.jpg
/Siemens/S7 1200/Input Output/AI/,6ES7231-5ND32-0XB0,"SIMATIC S7-1200, SM 1231 4 AI +/-10V +/-5V +/-2.5V +/-1.25 OR 0-20MA/4-20 MA 15 BIT + SIGN BIT","SIMATIC S7-1200, Analog input, SM 1231, 4 AI, +/-10 V, +/-5 V, +/-2.5 V, +/-1.25 or 0-20 mA/4-20 mA, 15 bit+sign bit",0,https://mall.industry.Siemens.com/mall/en/ww/Catalog/Product/6ES7231-5ND32-0XB0,https://mall.industry.Siemens.com/mall/collaterals/files/118/jpg/G_ST70_XX_00862i.jpg
/Siemens/S7 1200/Input Output/AI/,6ES7231-4HF32-0XB0,"SIMATIC S7-1200, SM 1231 8AI","SIMATIC S7-1200, Analog input, SM 1231, 8 AI, +/-10 V, +/-5 V, +/-2.5 V, or 0-20 mA/4-20 mA, 12 bit+sign or (13 bit ADC)",0,https://mall.industry.Siemens.com/mall/en/ww/Catalog/Product/6ES7231-4HF32-0XB0,https://mall.industry.Siemens.com/mall/collaterals/files/118/jpg/P_ST70_XX_04534i.jpg
/Siemens/S7 1200/Input Output/AI/,6ES7231-5PA30-0XB0,"SIMATIC S7-1200, SB 1231 RTD [1AI] RTD 1 CHANNEL PT 100 AND PT1000","SIMATIC S7-1200, Analog input, SB 1231RTD, 1 AI RTD, Pt100 and Pt1000",0,https://mall.industry.Siemens.com/mall/en/ww/Catalog/Product/6ES7231-5PA30-0XB0,https://mall.industry.Siemens.com/mall/collaterals/files/118/jpg/G_ST70_XX_00891i.jpg
/Siemens/S7 1200/Input Output/AI/,6ES7231-5PD32-0XB0,"SIMATIC S7-1200, SM 1231 RTD [4AI] RTD MODULE","SIMATIC S7-1200, Analog input, SM 1231 RTD, 4xAI RTD module",0,https://mall.industry.Siemens.com/mall/en/ww/Catalog/Product/6ES7231-5PD32-0XB0,https://mall.industry.Siemens.com/mall/collaterals/files/118/jpg/P_ST70_XX_04534i.jpg
/Siemens/S7 1200/Input Output/AI/,6ES7231-5PF32-0XB0,"SIMATIC S7-1200, SM 1231 RTD [8AI] RTD MODULE","SIMATIC S7-1200, Analog input, SM 1231 RTD, 8xAI RTD module",0,https://mall.industry.Siemens.com/mall/en/ww/Catalog/Product/6ES7231-5PF32-0XB0,https://mall.industry.Siemens.com/mall/collaterals/files/118/jpg/G_ST70_XX_00892i.jpg
/Siemens/S7 1200/Input Output/AI/,6ES7231-5QA30-0XB0,"SIMATIC S7-1200, SB 1231 TC [1AI] TC MODULE","SIMATIC S7-1200, Analog input, SB 1231 TC, 1 AI thermocouples Type J or K",2530,https://mall.industry.Siemens.com/mall/en/ww/Catalog/Product/6ES7231-5QA30-0XB0,https://mall.industry.Siemens.com/mall/collaterals/files/118/jpg/G_ST70_XX_00893i.jpg
/Siemens/S7 1200/Input Output/AI/,6ES7231-5QD32-0XB0,"SIMATIC S7-1200, SM 1231 TC [4AI] TC MODULE","SIMATIC S7-1200, Analog input, SM 1231 TC, 4 AI thermocouples",8630,https://mall.industry.Siemens.com/mall/en/ww/Catalog/Product/6ES7231-5QD32-0XB0,https://mall.industry.Siemens.com/mall/collaterals/files/118/jpg/P_ST70_XX_04534i.jpg
/Siemens/S7 1200/Input Output/AI/,6ES7231-5QF32-0XB0,"SIMATIC S7-1200, SM 1231 TC [8AI] TC MODULE","SIMATIC S7-1200, Analog input, SM 1231 TC, 8 AI thermocouples",0,https://mall.industry.Siemens.com/mall/en/ww/Catalog/Product/6ES7231-5QF32-0XB0,https://mall.industry.Siemens.com/mall/collaterals/files/118/jpg/G_IC03_XX_06517i.jpg
/Siemens/S7 1200/Input Output/AO/,6ES7232-4HA30-0XB0,"SIMATIC S7-1200, SB 1232 1 AO +/- 10VDC [12 BIT RES.] OR 0 - 20 MA [11 BIT RES]","SIMATIC S7-1200, Analog output, SB 1232, 1 AO, +/-10 V DC (12 bit resol.) or 0-20mA (11 bit resol.)",2300,https://mall.industry.Siemens.com/mall/en/ww/Catalog/Product/6ES7232-4HA30-0XB0,https://mall.industry.Siemens.com/mall/collaterals/files/118/jpg/P_ST70_XX_04767i.jpg
/Siemens/S7 1200/Input Output/AO/,6ES7232-4HB32-0XB0,"SIMATIC S7-1200, SM 1232 [2AO]","SIMATIC S7-1200, Analog output, SM 1232, 2 AO, +/-10 V, 14-bit resolutIOn, or 0-20 mA/4-20 mA, 13-bit resolutIOn",5940,https://mall.industry.Siemens.com/mall/en/ww/Catalog/Product/6ES7232-4HB32-0XB0,https://mall.industry.Siemens.com/mall/collaterals/files/118/jpg/P_ST70_XX_04861i.jpg
/Siemens/S7 1200/Input Output/AO/,6ES7232-4HD32-0XB0,"SIMATIC S7-1200, SM 1232 [4AO] ","SIMATIC S7-1200, Analog output, SM 1232, 4 AO, +/-10 V, 14-bit resolutIOn, or 0-20 mA/4-20 mA, 13-bit resolutIOn",9450,https://mall.industry.Siemens.com/mall/en/ww/Catalog/Product/6ES7232-4HD32-0XB0,https://mall.industry.Siemens.com/mall/collaterals/files/118/jpg/P_ST70_XX_04502i.jpg
/Siemens/S7 1200/Input Output/DI DO/,6ES7223-0BD30-0XB0,"SIMATIC S7-1200, SB 1223 2 DI / 2 DO 2 DI 24V DC/2 DO 24V DC","SIMATIC S7-1200, Digital I/O SB 1223, 2 DI/2 DO, 2 DI 24 V DC/2 DO 24 V DC",1625,https://mall.industry.Siemens.com/mall/en/ww/Catalog/Product/6ES7223-0BD30-0XB0,https://mall.industry.Siemens.com/mall/collaterals/files/118/jpg/P_ST70_XX_04766i.jpg
/Siemens/S7 1200/Input Output/DI DO/,6ES7223-3BD30-0XB0,"SIMATIC S7-1200, SB 1223 2DI/2DQ 24VDC 200KHZ","SIMATIC S7-1200, Digital I/O SB 1223, 2 DI/2 DQ, 24 V DC 200 kHz",1525,https://mall.industry.Siemens.com/mall/en/ww/Catalog/Product/6ES7223-3BD30-0XB0,https://mall.industry.Siemens.com/mall/collaterals/files/118/jpg/P_ST70_XX_04766i.jpg
/Siemens/S7 1200/Input Output/DI DO/,6ES7223-1BH32-0XB0,"SIMATIC S7-1200, SM 1223 [8DI 8DO] 8DI 24V DC SINK/SOURCE 8DO TRANSISTOR 0.5A","SIMATIC S7-1200, Digital I/O SM 1223, 8 DI/8 DO, 8 DI 24 V DC, Sink/Source, 8 DO, transistor 0.5 A",4350,https://mall.industry.Siemens.com/mall/en/ww/Catalog/Product/6ES7223-1BH32-0XB0,https://mall.industry.Siemens.com/mall/collaterals/files/118/jpg/P_ST70_XX_04627i.jpg
/Siemens/S7 1200/Input Output/DI DO/,6ES7223-1PH32-0XB0,"SIMATIC S7-1200, SM 1223 [8DI 8DO] 8DI 24V DC SINK/SOURCE 8DO RELAY 2A","SIMATIC S7-1200, Digital I/O SM 1223, 8 DI/8 DO, 8 DI 24 V DC, Sink/Source, 8 DO, relay 2 A",4350,https://mall.industry.Siemens.com/mall/en/ww/Catalog/Product/6ES7223-1PH32-0XB0,https://mall.industry.Siemens.com/mall/collaterals/files/118/jpg/P_ST70_XX_04859i.jpg
/Siemens/S7 1200/Input Output/DI DO/,6ES7223-1QH32-0XB0,"SIMATIC S7-1200, SM 1223 8DI AC / 8DO RLY 8DI 120/230 V AC 8DO RELAY 2A","SIMATIC S7-1200, Digital I/O SM 1223, 8 DI AC/8 DO RLY, 8 DI 120/230 V AC, 8 DO relay 2 A",5950,https://mall.industry.Siemens.com/mall/en/ww/Catalog/Product/6ES7223-1QH32-0XB0,https://mall.industry.Siemens.com/mall/collaterals/files/118/../noIMage.gif
/Siemens/S7 1200/Input Output/DI DO/,6ES7223-1BL32-0XB0,"SIMATIC S7-1200, SM 1223 16DI - 16DO 16DI DC 24 V SINK/SOURCE 16DO TRANSISTOR 0.5A","SIMATIC S7-1200, Digital I/O SM 1223, 16 DI/16 DO, 16 DI 24 V DC, Sink/Source, 16 DO, transistor 0.5 A",0,https://mall.industry.Siemens.com/mall/en/ww/Catalog/Product/6ES7223-1BL32-0XB0,https://mall.industry.Siemens.com/mall/collaterals/files/118/jpg/P_ST70_XX_04626i.jpg
/Siemens/S7 1200/Input Output/DI DO/,6ES7223-1PL32-0XB0,"SIMATIC S7-1200, SM 1223 16DI / 16DO 16DI DC 24 V SINK/SOURCE 16DO RELAY 2A","SIMATIC S7-1200, Digital I/O SM 1223, 16 DI/16 DO, 16 DI 24 V DC, Sink/Source, 16 DO, relay 2 A",6980,https://mall.industry.Siemens.com/mall/en/ww/Catalog/Product/6ES7223-1PL32-0XB0,https://mall.industry.Siemens.com/mall/collaterals/files/118/jpg/P_ST70_XX_04858i.jpg
/Siemens/S7 1200/Input Output/DI/,6ES7221-3BD30-0XB0,"SIMATIC S7-1200, SB 1221 4DI 24VDC 200KHZ SOURCE","SIMATIC S7-1200, Digital input SB 1221, 4 DI, 24 V DC 200 kHz, Sourcing input",1525,https://mall.industry.Siemens.com/mall/en/ww/Catalog/Product/6ES7221-3BD30-0XB0,https://mall.industry.Siemens.com/mall/collaterals/files/118/jpg/P_ST70_XX_04766i.jpg
/Siemens/S7 1200/Input Output/DI/,6ES7221-1BF32-0XB0,"SIMATIC S7-1200, SM1221 8DI 24 V SINK/SOURCE 16DI","SIMATIC S7-1200, Digital input SM 1221, 8 DI, 24 V DC, Sink/Source",2745,https://mall.industry.Siemens.com/mall/en/ww/Catalog/Product/6ES7221-1BF32-0XB0,https://mall.industry.Siemens.com/mall/collaterals/files/118/jpg/G_ST70_XX_00883i.jpg
/Siemens/S7 1200/Input Output/DI/,6ES7221-1BH32-0XB0,"SIMATIC S7-1200, SM1221 16DI 24 V SINK/SOURCE 16DI","SIMATIC S7-1200, Digital input SM 1221, 16 DI, 24 V DC, Sink/Source",4350,https://mall.industry.Siemens.com/mall/en/ww/Catalog/Product/6ES7221-1BH32-0XB0,https://mall.industry.Siemens.com/mall/collaterals/files/118/jpg/G_ST70_XX_00884i.jpg
/Siemens/S7 1200/Input Output/DO/,6ES7222-1BD30-0XB0,"SIMATIC S7-1200, SB 1222 4DQ 24VDC 200KHZ","SIMATIC S7-1200, Digital output SB 1222, 4 DQ, 24 V DC 200 kHz",1525,https://mall.industry.Siemens.com/mall/en/ww/Catalog/Product/6ES7222-1BD30-0XB0,https://mall.industry.Siemens.com/mall/collaterals/files/118/jpg/P_ST70_XX_04766i.jpg
/Siemens/S7 1200/Input Output/DO/,6ES7222-1BF32-0XB0,"SIMATIC S7-1200, SM 1222 8DO TRANSISTOR 0.5A","SIMATIC S7-1200, Digital output SM 1222, 8 DO, 24 V DC, transistor 0.5 A",2745,https://mall.industry.Siemens.com/mall/en/ww/Catalog/Product/6ES7222-1BF32-0XB0,https://mall.industry.Siemens.com/mall/collaterals/files/118/jpg/G_ST70_XX_00885i.jpg
/Siemens/S7 1200/Input Output/DO/,6ES7222-1HF32-0XB0,"SIMATIC S7-1200, SM 1222 8DORELAY 2A","SIMATIC S7-1200, Digital output SM 1222, 8 DO, relay 2 A",2750,https://mall.industry.Siemens.com/mall/en/ww/Catalog/Product/6ES7222-1HF32-0XB0,https://mall.industry.Siemens.com/mall/collaterals/files/118/jpg/P_ST70_XX_04854i.jpg
/Siemens/S7 1200/Input Output/DO/,6ES7222-1XF32-0XB0,"SIMATIC S7-1200, SM 1222 8DORELAY CHANGEOVER CONTACT","SIMATIC S7-1200, Digital output SM 1222, 8 DO, Relay Changeover contact",0,https://mall.industry.Siemens.com/mall/en/ww/Catalog/Product/6ES7222-1XF32-0XB0,https://mall.industry.Siemens.com/mall/collaterals/files/118/../noIMage.gif
/Siemens/S7 1200/Input Output/DO/,6ES7222-1BH32-0XB0,"SIMATIC S7-1200, SM 1222 16DOTRANSISTOR 0.5A","SIMATIC S7-1200, Digital output SM 1222, 16 DO, 24 V DC, transistor 0.5 A",4350,https://mall.industry.Siemens.com/mall/en/ww/Catalog/Product/6ES7222-1BH32-0XB0,https://mall.industry.Siemens.com/mall/collaterals/files/118/jpg/P_ST70_XX_08447i.jpg
/Siemens/S7 1200/Input Output/DO/,6ES7222-1HH32-0XB0,"SIMATIC S7-1200, SM 1222 16DORELAY 2A","SIMATIC S7-1200, Digital output SM 1222, 16 DO, relay 2 A",4355,https://mall.industry.Siemens.com/mall/en/ww/Catalog/Product/6ES7222-1HH32-0XB0,https://mall.industry.Siemens.com/mall/collaterals/files/118/jpg/P_ST70_XX_04855i.jpg
/Siemens/S7 1200/Memory Card/,6ES7954-8LC02-0AA0,"SIMATIC S7-1200, MMC S7-1X00 4MB","SIMATIC S7, memory card for S7-1x 00 CPU/SINAMICS, 3, 3 V flash, 4 MB",1535,https://mall.industry.Siemens.com/mall/en/ww/Catalog/Product/6ES7954-8LC02-0AA0,https://mall.industry.Siemens.com/mall/collaterals/files/118/jpg/P_ST70_XX_06015i.jpg
/Siemens/S7 1200/Memory Card/,6ES7954-8LE02-0AA0,"SIMATIC S7-1200, MMC S7-1X00 12MB","SIMATIC S7, memory cards for S7-1x 00 CPU/SINAMICS, 3, 3V Flash, 12 MB",0,https://mall.industry.Siemens.com/mall/en/ww/Catalog/Product/6ES7954-8LE02-0AA0,https://mall.industry.Siemens.com/mall/collaterals/files/118/jpg/P_ST70_XX_06015i.jpg
/Siemens/S7 1200/Memory Card/,6ES7954-8LF02-0AA0,"SIMATIC S7-1200, MMC S7-1X00 24MB","SIMATIC S7, memory cards for S7-1x 00 CPU/SINAMICS, 3, 3V Flash, 24 MByte",0,https://mall.industry.Siemens.com/mall/en/ww/Catalog/Product/6ES7954-8LF02-0AA0,https://mall.industry.Siemens.com/mall/collaterals/files/118/jpg/P_ST70_XX_06013i.jpg
/Siemens/S7 1200/Memory Card/,6ES7954-8LL02-0AA0,"SIMATIC S7-1200, MMC S7-1X00 256MB","SIMATIC S7, memory cards for S7-1x 00 CPU, 3, 3V Flash, 256 MB",0,https://mall.industry.Siemens.com/mall/en/ww/Catalog/Product/6ES7954-8LL02-0AA0,
/Siemens/S7 1200/Memory Card/,6ES7954-8LP02-0AA0,"SIMATIC S7-1200, MMC S7-1X00 2GB","SIMATIC S7, memory cards for S7-1x 00 CPU, 3, 3V Flash, 2 GB",0,https://mall.industry.Siemens.com/mall/en/ww/Catalog/Product/6ES7954-8LP02-0AA0,https://mall.industry.Siemens.com/mall/collaterals/files/118/jpg/P_ST70_XX_06330i.jpg
/Siemens/S7 1200/Memory Card/,6ES7954-8LT02-0AA0,"SIMATIC S7-1200, MMC S7-1X00 32GB","SIMATIC S7, memory cards for S7-1x 00 CPU, 3, 3V Flash, 32 GB",0,https://mall.industry.Siemens.com/mall/en/ww/Catalog/Product/6ES7954-8LT02-0AA0,https://mall.industry.Siemens.com/mall/collaterals/files/118/jpg/P_ST70_XX_07353i.jpg
/Siemens/S7 1200/Power Supply/,6EP1332-1SH71,"SIMATIC S7-1200, Power supply 24VDC-2.5A","SIMATIC S7-1200 Power Module PM1207 Stabilized power supply input: 120/230 V AC, output: DC 24 V/2,5 A",3030,https://mall.industry.Siemens.com/mall/en/ww/Catalog/Product/6EP1332-1SH71,https://mall.industry.Siemens.com/mall/collaterals/files/118/jpg/P_ST70_XX_04521i.jpg
/Siemens/S7 300/Accessories/,6ES7390-1AE80-0AA0,"SIMATIC S7-300, RAIL 480MM","SIMATIC S7-300, mounting rail, length: 482.6 mm",770,https://mall.industry.Siemens.com/mall/en/ww/Catalog/Product/6ES7390-1AE80-0AA0,https://mall.industry.Siemens.com/mall/collaterals/files/118/jpg/P_PM10_XX_00010i.jpg
/Siemens/S7 300/Accessories/,6ES7392-1AM00-0AA0,"SIMATIC S7-300, SIMATIC Front connector 40 Pin","SIMATIC S7-300, Front connector with screw contacts, 40-pole",900,https://mall.industry.Siemens.com/mall/en/ww/Catalog/Product/6ES7392-1AM00-0AA0,https://mall.industry.Siemens.com/mall/collaterals/files/118/jpg/P_ST70_XX_05642i.jpg
/Siemens/S7 300/Accessories/,6ES7392-1AJ00-0AA0,"SIMATIC S7-300, SIMATIC Front connector 20 Pin","SIMATIC S7-300, Front connector for signal modules with screw contacts, 20-pole",565,https://mall.industry.Siemens.com/mall/en/ww/Catalog/Product/6ES7392-1AJ00-0AA0,https://mall.industry.Siemens.com/mall/collaterals/files/118/jpg/P_ST70_XX_06446i.jpg
/Siemens/S7 300/Accessories/,6ES7392-1AN00-0AA0,"SIMATIC S7-300, TERMINAL BLOCK WITH SCREW FOR 64 CHANNEL","S7-300, Terminal block in screw-type connectIOn system for 64-channel modules of the S7-300, 2 units per packing unit",0,https://mall.industry.Siemens.com/mall/en/ww/Catalog/Product/6ES7392-1AN00-0AA0,https://www.automation.siemens.com/bilddb/interfaces/InterfaceImageDB.asmx/GetImageVariant?objectkey=G_ST70_XX_96777&amp;imagevariantid=19&amp;lang=XX&amp;interfaceuserid=MALL
/Siemens/S7 300/Accessories/,6ES7392-4BB00-0AA0,"SIMATIC S7-300, CONNECTING CABLE 1 M FOR 64 CHANNEL","S7-300 connecting cable for 64-channel modules, length 1m 2 units per packing unit",0,https://mall.industry.Siemens.com/mall/en/ww/Catalog/Product/6ES7392-4BB00-0AA0,
/Siemens/S7 300/Accessories/,6ES7392-4BF00-0AA0,"SIMATIC S7-300, CONNECTING CABLE 2.5 M FOR 64 CHANNEL","S7-300 connecting cable for 64-channel modules, Length 5m 2 units per packing unit",0,https://mall.industry.Siemens.com/mall/en/ww/Catalog/Product/6ES7392-4BF00-0AA0,
/Siemens/S7 300/Communication/,6GK7343-1CX10-0XE0,"SIMATIC NET, CP343-1 LEAN","CommunicatIOns processor CP 343-1 Lean for connectIOn of SIMATIC S7-300 to Industrial Ethernet via TCP/IP and UDP, Multicast, SEND/RECEIVE with and without RFC1006, Fetch/ Write, S7 communicatIOn (server), PROFINET IO device integrated 2-port switch ERTEC 200, Module replacement without PG, SNMP diagnostics, initializatIOn via LAN, 2x RJ45 connectIOn for LAN with 10/100 Mbit/s",20770,https://mall.industry.Siemens.com/mall/en/ww/Catalog/Product/6GK7343-1CX10-0XE0,https://mall.industry.Siemens.com/mall/collaterals/files/118/jpg/P_IK10_XX_00952i.jpg
/Siemens/S7 300/CPU/,6ES7312-1AE14-0AB0,"SIMATIC S7-300, CPU 312","SIMATIC S7-300, CPU 312 Central processing unit with MPI, Integr. power supply 24 V DC, Work memory 32 KB, Micro Memory Card required",0,https://mall.industry.Siemens.com/mall/en/ww/Catalog/Product/6ES7312-1AE14-0AB0,https://mall.industry.Siemens.com/mall/collaterals/files/118/jpg/P_ST70_XX_01152i.jpg
/Siemens/S7 300/CPU/,6ES7312-5BF04-0AB0,"SIMATIC S7-300, CPU 312C MPI [10DI 6DO] [64KB]","SIMATIC S7-300, CPU 312C Compact CPU with MPI, 10 DI/6 DQ, 2 high-speed counters (10 kHz) Integr. power supply 24 V DC, work memory 64 KB, Front connector (1x 40-pole) and Micro Memory Card required",0,https://mall.industry.Siemens.com/mall/en/ww/Catalog/Product/6ES7312-5BF04-0AB0,https://mall.industry.Siemens.com/mall/collaterals/files/118/jpg/P_ST70_XX_05790i.jpg
/Siemens/S7 300/CPU/,6ES7313-5BG04-0AB0,"SIMATIC S7-300, CPU 313C [24DI 16DO] [4AI 2AO] [128KB]","SIMATIC S7-300, CPU 313C, Compact CPU with MPI, 24 DI/16 DO, 4 AI, 2 AO, 1 Pt100, 3 high-speed counters (30 kHz), Integr. power supply 24 V DC, work memory 128 KB, Front connector (2x 40-pole) and Micro Memory Card required",20265,https://mall.industry.Siemens.com/mall/en/ww/Catalog/Product/6ES7313-5BG04-0AB0,https://mall.industry.Siemens.com/mall/collaterals/files/118/jpg/P_ST70_XX_05797i.jpg
/Siemens/S7 300/CPU/,6ES7313-6CG04-0AB0,"SIMATIC S7-300, CPU 313C-2 DP [16DI 16DO] [128KB]","SIMATIC S7-300, CPU 313C-2 DP Compact CPU with MPI, 16 DI/16 DO, 3 high-speed counters (30 kHz), integrated DP interface, Integr. power supply 24 V DC, work memory 128 KB, Front connector (1x 40-pole) and Micro Memory Card required",28125,https://mall.industry.Siemens.com/mall/en/ww/Catalog/Product/6ES7313-6CG04-0AB0,https://mall.industry.Siemens.com/mall/collaterals/files/118/jpg/P_ST70_XX_05802i.jpg
/Siemens/S7 300/CPU/,6ES7314-6CH04-0AB0,"SIMATIC S7-300, CPU 314C-2 DP [24DI 16DO] [4AI 2AO] [192KB]","SIMATIC S7-300, CPU 314C-2 DP Compact CPU with MPI, 24 DI/16 DO, 4 AI, 2 AO, 1 Pt100, 4 high-speed counters (60 kHz), integrated DP interface, Integr. power supply 24 V DC, work memory 192 KB, Front connector (2x 40-pole) and Micro Memory Card required",0,https://mall.industry.Siemens.com/mall/en/ww/Catalog/Product/6ES7314-6CH04-0AB0,https://mall.industry.Siemens.com/mall/collaterals/files/118/jpg/P_ST70_XX_05812i.jpg
/Siemens/S7 300/CPU/,6ES7314-6EH04-0AB0,"SIMATIC S7-300, CPU 314C-2 PN/DP [24DI 16DO] [4AI 2AO] [192KB]","SIMATIC S7-300, CPU 314C-2PN/DP Compact CPU with 192 KB work memory, 24 DI/16 DO, 4 AI, 2 AO, 1 Pt100, 4 high-speed counters (60 kHz), 1st interface MPI/DP 12 Mbit/s, 2nd interface Ethernet PROFINET, with 2-port switch, Integr. power supply 24 V DC, Front connector (2x 40-pole) and Micro Memory Card required",0,https://mall.industry.Siemens.com/mall/en/ww/Catalog/Product/6ES7314-6EH04-0AB0,https://mall.industry.Siemens.com/mall/collaterals/files/118/jpg/P_ST70_XX_05330i.jpg
/Siemens/S7 300/CPU/,6ES7315-2AH14-0AB0,"SIMATIC S7-300, CPU 315-2 DP [256KB]","SIMATIC S7-300, CPU 315-2DP Central processing unit with MPI Integr. power supply 24 V DC Work memory 256 KB 2nd interface DP master/slave Micro Memory Card required",33710,https://mall.industry.Siemens.com/mall/en/ww/Catalog/Product/6ES7315-2AH14-0AB0,https://mall.industry.Siemens.com/mall/collaterals/files/118/jpg/P_ST70_XX_04457i.jpg
/Siemens/S7 300/CPU/,6ES7315-2EH14-0AB0,"SIMATIC S7-300, CPU 315-2 PN/DP [384KB]","SIMATIC S7-300 CPU 315-2 PN/DP, Central processing unit with 384 KB work memory, 1st interface MPI/DP 12 Mbit/s, 2nd interface Ethernet PROFINET, with 2-port switch, Micro Memory Card required",0,https://mall.industry.Siemens.com/mall/en/ww/Catalog/Product/6ES7315-2EH14-0AB0,https://mall.industry.Siemens.com/mall/collaterals/files/118/jpg/P_ST70_XX_04935i.jpg
/Siemens/S7 300/FM/,7MH4950-1AA01,"SIMATIC S7-300, SIWAREX U WEIGHING ELECTRONICS [SINGLE CHANNEL]",SIWAREX U WEIGHING ELECTRONICS (SINGLE CHANNEL VERSION) FOR CONNNECTING ONE SCALE FOR SIMATIC S7-300 AND ET200M RS232 INTERFACE FOR CONNECT. OF A PC TTY INTERFACE FOR REMOTE DISPLAY CONNECTION WITH BUS CONNECTOR,0,https://mall.industry.Siemens.com/mall/en/ww/Catalog/Product/7MH4950-1AA01,https://mall.industry.Siemens.com/mall/collaterals/files/118/jpg/P_WT01_XX_00360i.jpg
/Siemens/S7 300/IM/,6ES7153-1AA03-0XB0,"SIMATIC S7-300, IM 153-1 [max 8 modules]","SIMATIC DP, ConnectIOn IM 153-1, for ET 200M, for max. 8 S7-300 modules",4765,https://mall.industry.Siemens.com/mall/en/ww/Catalog/Product/6ES7153-1AA03-0XB0,https://mall.industry.Siemens.com/mall/collaterals/files/118/jpg/P_ST70_XX_00088i.jpg
/Siemens/S7 300/IM/,6ES7153-2BA10-0XB0,"SIMATIC S7-300, IM 153-2 [max 12 modules]","SIMATIC DP, ConnectIOn ET 200M IM 153-2 High Feature for max. 12 S7-300 modules with redundancy capability, TIMestamping suitable for isochronous mode New features: up to 12 modules can be used Slave INITIATIVE for Drive ES and Switch ES Expanded quantity structure for HART auxiliary variables OperatIOn of the 64-channel modules 32 signals/slot +++Observe compatibility notes in manual+++",10110,https://mall.industry.Siemens.com/mall/en/ww/Catalog/Product/6ES7153-2BA10-0XB0,https://www.automation.siemens.com/bilddb/interfaces/InterfaceImageDB.asmx/GetImageVariant?objectkey=G_ST70_XX_93595&amp;imagevariantid=16&amp;lang=&amp;interfaceuserid=MALL
/Siemens/S7 300/Input Output/AI AO/,6ES7334-0KE00-0AB0,"SIMATIC S7-300, SM334 4AI/2AO [2V 4RTD Climate] 20 PIN","SIMATIC S7-300, Analog module SM 334, isolated, 4 AI/2 AO, 12 bit, 0-10 V f. Pt100 (clIMatic range -120-155 degrees) and 10 kOhm measuring range, 1x 20-pole",0,https://mall.industry.Siemens.com/mall/en/ww/Catalog/Product/6ES7334-0KE00-0AB0,https://mall.industry.Siemens.com/mall/collaterals/files/118/jpg/P_ST70_XX_00218i.jpg
/Siemens/S7 300/Input Output/AI AO/,6ES7334-0CE01-0AA0,"SIMATIC S7-300, SM 334 NON-ISOLATED 4 AI/2 AO [V-I]","SIMATIC S7-300, Analog module SM 334, Non-isolated 4 AI/2 AO, 1x 20-pole, Removing and inserting possible with active backplane bus",9355,https://mall.industry.Siemens.com/mall/en/ww/Catalog/Product/6ES7334-0CE01-0AA0,https://mall.industry.Siemens.com/mall/collaterals/files/118/jpg/P_PM10_XX_00058i.jpg
/Siemens/S7 300/Input Output/AI AO/,6ES7335-7HG02-0AB0,"SIMATIC S7-300, SM335 4AI/4AO [V] 20 PIN","SIMATIC S7-300, ANALOG MODULE SM 335, OPTICALLY ISOLATED U/I, DIAGNOSTICS, INTERRUPT, 4 AI 14 BIT RESOL., 4 AO 11/12 BIT 1 X 20-PINS",0,https://mall.industry.Siemens.com/mall/en/ww/Catalog/Product/6ES7335-7HG02-0AB0,https://mall.industry.Siemens.com/mall/collaterals/files/118/jpg/G_ST70_XX_00887i.jpg
/Siemens/S7 300/Input Output/AI/,6ES7331-7KB02-0AB0,"SIMATIC S7-300, SM331 2AI [VIRTC] 20 Pin","SIMATIC S7-300, Analog input SM 331, isolated, 2 AI, ResolutIOn 9/12/14 bits, U/I/thermocouple/resistor, alarm, diagnostics, 1x 20-pole, Removing/inserting with active backplane bus",4645,https://mall.industry.Siemens.com/mall/en/ww/Catalog/Product/6ES7331-7KB02-0AB0,https://mall.industry.Siemens.com/mall/collaterals/files/118/jpg/P_ST70_XX_00026i.jpg
/Siemens/S7 300/Input Output/AI/,6ES7331-1KF02-0AB0,"SIMATIC S7-300, SM331 8AI [VIRRTD] 40 Pin","SIMATIC S7-300, Analog input SM 331, Isolated 8 AI, resolutIOn 13 bits U/I/resistor/Pt100, NI100, NI1000, LG-NI1000, PTC/KTY, 66 ms conversIOn tIMe, 1x 40-pole",9465,https://mall.industry.Siemens.com/mall/en/ww/Catalog/Product/6ES7331-1KF02-0AB0,https://mall.industry.Siemens.com/mall/collaterals/files/118/jpg/P_ST70_XX_00026i.jpg
/Siemens/S7 300/Input Output/AI/,6ES7331-7PF01-0AB0,"SIMATIC S7-300, M331 8AI [RTD PT100/200/1000 ++] 40 Pin","SIMATIC S7-300, Analog input SM 331, isolated, 2/3/4-wire, 8 AI, Resistor, Pt100/200/1000 NI100/120/200/500/1000, CU10, characteristics according to GOST 16 (internal 24) bit, 50ms, 1x 40-pole",17970,https://mall.industry.Siemens.com/mall/en/ww/Catalog/Product/6ES7331-7PF01-0AB0,https://mall.industry.Siemens.com/mall/collaterals/files/118/jpg/P_ST70_XX_00026i.jpg
/Siemens/S7 300/Input Output/AI/,6ES7331-7PE10-0AB0,"SIMATIC S7-300, SM331 6AI [TC Type B E J K L N R S T VOLTAGE 40 Pin","SIMATIC S7-300, Analog input SM 331, single channel Isolated 250 V AC, 6 AI thermocouples Type B, E, J, K, L, N, R, S, T Voltage: +/-25MV to +/-1V 16 bit, 50ms, 1x 40-pole",0,https://mall.industry.Siemens.com/mall/en/ww/Catalog/Product/6ES7331-7PE10-0AB0,https://mall.industry.Siemens.com/mall/collaterals/files/118/jpg/P_ST70_XX_00026i.jpg
/Siemens/S7 300/Input Output/AI/,6ES7331-7PF11-0AB0,"SIMATIC S7-300, SM331 8AI [TC Type B E J K L N R S T TXK/TXK[L] 40 Pin","SIMATIC S7-300, Analog input SM 331, isolated, 8 AI thermocouples Type B, E, J, K, L, N, R, S, T TXK/TXK (L) according to GOST 16 bit, 50ms, 1x 40-pole",0,https://mall.industry.Siemens.com/mall/en/ww/Catalog/Product/6ES7331-7PF11-0AB0,https://mall.industry.Siemens.com/mall/collaterals/files/118/jpg/P_ST70_XX_00026i.jpg
/Siemens/S7 300/Input Output/AO/,6ES7332-5HB01-0AB0,"SIMATIC S7-300, SM332 2AO [VI] 20 PIN","SIMATIC S7-300, Analog output SM 332, isolated, 2 AO, U/I, resolutIOn 11/12 bits, 20-pole, Removing/inserting with active backplane bus possible",7705,https://mall.industry.Siemens.com/mall/en/ww/Catalog/Product/6ES7332-5HB01-0AB0,https://mall.industry.Siemens.com/mall/collaterals/files/118/jpg/P_ST70_XX_00028i.jpg
/Siemens/S7 300/Input Output/AO/,6ES7332-5HD01-0AB0,"SIMATIC S7-300, SM332 4AO [VI] 20 PIN","SIMATIC S7-300, Analog output SM 332, isolated, 4 AO, U/I, diagnostics, resolutIOn 11/12 bits, 20-pole, removing and inserting possible with active backplane bus",12695,https://mall.industry.Siemens.com/mall/en/ww/Catalog/Product/6ES7332-5HD01-0AB0,https://mall.industry.Siemens.com/mall/collaterals/files/118/jpg/P_ST70_XX_00028i.jpg
/Siemens/S7 300/Input Output/AO/,6ES7332-5HF00-0AB0,"SIMATIC S7-300, SM332 8AO [VI] 40 PIN","SIMATIC S7-300, Analog output SM 332, isolated, 8 AO, U/I, diagnostics, resolutIOn 11/12 bits, 40-pole, removing and inserting possible with active backplane bus",21395,https://mall.industry.Siemens.com/mall/en/ww/Catalog/Product/6ES7332-5HF00-0AB0,https://mall.industry.Siemens.com/mall/collaterals/files/118/jpg/P_ST70_XX_00028i.jpg
/Siemens/S7 300/Input Output/DI DO/,6ES7323-1BL00-0AA0,"SIMATIC S7-300, SM323 16DI/16DO [24VDC/24V DC 0.5A] 40 Pin","SIMATIC S7-300, Digital module SM 323, isolated, 16 DI and 16 DO, 24 V DC, 0.5 A, Total current 4A, 1x 40-pole",9540,https://mall.industry.Siemens.com/mall/en/ww/Catalog/Product/6ES7323-1BL00-0AA0,https://mall.industry.Siemens.com/mall/collaterals/files/118/jpg/P_ST70_XX_00216i.jpg
/Siemens/S7 300/Input Output/DI/,6ES7321-1BH02-0AA0,"SIMATIC S7-300, SM 321 [16DI 24V DC] 20 Pin","SIMATIC S7-300, Digital input SM 321, isolated, 16 DI, 24 V DC, 1x 20-pole",3685,https://mall.industry.Siemens.com/mall/en/ww/Catalog/Product/6ES7321-1BH02-0AA0,https://mall.industry.Siemens.com/mall/collaterals/files/118/jpg/P_ST70_XX_00210i.jpg
/Siemens/S7 300/Input Output/DI/,6ES7321-1BL00-0AA0,"SIMATIC S7-300, SM 321 [32DI 24V DC] 40 Pin","SIMATIC S7-300, Digital input SM 321, Isolated 32 DI, 24 V DC, 1x 40-pole",7385,https://mall.industry.Siemens.com/mall/en/ww/Catalog/Product/6ES7321-1BL00-0AA0,https://mall.industry.Siemens.com/mall/collaterals/files/118/jpg/P_ST70_XX_00210i.jpg
/Siemens/S7 300/Input Output/DI/,6ES7321-1BP00-0AA0,"SIMATIC S7-300, SM321 [64DI 24V DC]","SIMATIC S7-300 Digital input SM 321, Isolated in groups of 16, 64 DI, 24 V DC, 3ms, Sink/source input Terminal blocks 6ES7392-1.N00-0AA0 and cable 6ES7392-4...0-0AA0 required",0,https://mall.industry.Siemens.com/mall/en/ww/Catalog/Product/6ES7321-1BP00-0AA0,https://mall.industry.Siemens.com/mall/collaterals/files/118/jpg/P_ST70_XX_04975i.jpg
/Siemens/S7 300/Input Output/DO/,6ES7322-1BH01-0AA0,"SIMATIC S7-300, SM 322 [16DO 24V DC 05A] 20 Pin","SIMATIC S7-300, Digital output SM 322, isolated, 16 DO, 24 V DC, 0.5A, 1x 20-pole, Total current 4 A/group (8 A/module)",5100,https://mall.industry.Siemens.com/mall/en/ww/Catalog/Product/6ES7322-1BH01-0AA0,https://mall.industry.Siemens.com/mall/collaterals/files/118/jpg/P_ST70_XX_00212i.jpg
/Siemens/S7 300/Input Output/DO/,6ES7322-1BL00-0AA0,"SIMATIC S7-300, SM 322 [32DO 24V DC 0.5A] 40 Pin","SIMATIC S7-300, Digital output SM 322, isolated, 32 DO, 24 V DC, 0.5A, 1x 40-pole, Total current 4 A/group (16 A/module)",10205,https://mall.industry.Siemens.com/mall/en/ww/Catalog/Product/6ES7322-1BL00-0AA0,https://mall.industry.Siemens.com/mall/collaterals/files/118/jpg/P_ST70_XX_00212i.jpg
/Siemens/S7 300/Input Output/DO/,6ES7322-1BP00-0AA0,"SIMATIC S7-300, SM 322 [64DO 24V DC 0.3A]","SIMATIC S7-300 Digital output SM 322, Isolated in groups of 16, 64DO, 24 V DC, 0.3A sink output Total current 2 A/group, 8 A/module Terminal blocks 6ES7392-1.N00-0AA0 and cable 6ES7392-4...0-0AA0 required",0,https://mall.industry.Siemens.com/mall/en/ww/Catalog/Product/6ES7322-1BP00-0AA0,https://www.automation.siemens.com/bilddb/interfaces/InterfaceImageDB.asmx/GetImageVariant?objectkey=G_ST70_XX_95713&amp;imagevariantid=16&amp;lang=&amp;interfaceuserid=MALL
/Siemens/S7 300/Memory Card/,6ES7953-8LG31-0AA0,"SIMATIC S7-300, MICRO MEMORY CARD 128KB","SIMATIC S7, Micro Memory Card for S7-300/C7/ET 200, 3, 3V Nflash, 128 KB",1670,https://mall.industry.Siemens.com/mall/en/ww/Catalog/Product/6ES7953-8LG31-0AA0,https://mall.industry.Siemens.com/mall/collaterals/files/118/jpg/P_ST70_XX_05785i.jpg
/Siemens/S7 300/Memory Card/,6ES7953-8LJ30-0AA0,"SIMATIC S7-300, MICRO MEMORY CARD 512KB","SIMATIC S7, Micro Memory Card for S7-300/C7/ET 200, 3, 3V Nflash, 512 KB",0,https://mall.industry.Siemens.com/mall/en/ww/Catalog/Product/6ES7953-8LJ30-0AA0,https://mall.industry.Siemens.com/mall/collaterals/files/118/jpg/P_ST70_XX_05785i.jpg
/Siemens/S7 300/Power Supply/,6ES7307-1BA01-0AA0,"SIMATIC S7-300, Power Supply PS307 [2A]","SIMATIC S7-300 Regulated power supply PS307 input: 120/230 V AC, output: 24 V DC/2 A",0,https://mall.industry.Siemens.com/mall/en/ww/Catalog/Product/6ES7307-1BA01-0AA0,https://mall.industry.Siemens.com/mall/collaterals/files/118/jpg/P_KT01_XX_01098i.jpg
/Siemens/S7 300/Power Supply/,6ES7307-1EA01-0AA0,"SIMATIC S7-300, Power Supply PS307 [5A]","SIMATIC S7-300 Regulated power supply PS307 input: 120/230 V AC, output: 24 V/5 A DC",4915,https://mall.industry.Siemens.com/mall/en/ww/Catalog/Product/6ES7307-1EA01-0AA0,https://mall.industry.Siemens.com/mall/collaterals/files/118/jpg/P_KT01_XX_01099i.jpg
/Siemens/S7 300/Power Supply/,6ES7307-1KA02-0AA0,"SIMATIC S7-300, Power Supply PS307 [10A]","SIMATIC S7-300 Regulated power supply PS307 input: 120/230 V AC, output: 24 V / 10 A DC",0,https://mall.industry.Siemens.com/mall/en/ww/Catalog/Product/6ES7307-1KA02-0AA0,https://mall.industry.Siemens.com/mall/collaterals/files/118/jpg/P_KT01_XX_01097i.jpg
/Siemens/S7 400/CPU/,6ES7416-3XR05 -0AB0,"SIMATIC S7-400, CPU 416-3","SIMATIC S7-400, CPU 416-3 Central processing unit with: work memory 11.2 MB, (5.6 MB code, 5.6 MB data), 1st interface MPI/DP 12 Mbit/s, 2nd interface PROFIBUS DP, 3rd interface plug-in IFM module",0,https://mall.industry.Siemens.com/mall/en/ww/Catalog/Product/6ES7416-3XR05 -0AB0,https://mall.industry.Siemens.com/mall/collaterals/files/118/jpg/G_ST70_XX_00897i.jpg
